scenario,key,title,item_type,parent_key,release_date,due_date,scheduled_date,duration_class,priority,completed,anchored,tags
micro_release_only,root,ELEC3609,GOAL,,,,,MIN_20_TO_60,,False,False,
micro_release_only,t,Implement API endpoint,TASK,root,2026-09-23,,,OVER_60_MIN,1,False,False,
micro_due_only,root,SOFT2201,GOAL,,,,,MIN_20_TO_60,,False,False,
micro_due_only,t,Write regression tests,TASK,root,,2026-09-23,,MIN_20_TO_60,1,False,False,
micro_release_and_due,root,ELEC3609,GOAL,,,,,MIN_20_TO_60,,False,False,
micro_release_and_due,a,Assignment 2 — ARC,ASSIGNMENT,root,,,,MIN_20_TO_60,,False,False,
micro_release_and_due,t,Implement scheduler,TASK,a,2026-09-21,2026-09-25,,OVER_60_MIN,1,False,False,
micro_release_equals_due,root,ENGG3112,GOAL,,,,,MIN_20_TO_60,,False,False,
micro_release_equals_due,t,Submit hurdle quiz,TASK,root,2026-09-22,2026-09-22,,MIN_20_TO_60,1,False,False,
micro_no_constraints,root,Career,GOAL,,,,,MIN_20_TO_60,,False,False,
micro_no_constraints,t,Update LinkedIn projects,TASK,root,,,,UNDER_20_MIN,2,False,False,
micro_anchored,root,SOFT2201,GOAL,,,,,MIN_20_TO_60,,False,False,
micro_anchored,a,Assignment 3 — Software Testing,ASSIGNMENT,root,,,,MIN_20_TO_60,,False,False,
micro_anchored,t,Implement test cases,TASK,a,2026-09-18,2026-09-27,2026-09-23,MIN_20_TO_60,1,False,True,
micro_anchor_collision,root,Semester,GOAL,,,,,MIN_20_TO_60,,False,False,
micro_anchor_collision,t0,Anchored task 1,TASK,root,,2026-09-24,2026-09-22,OVER_60_MIN,1,False,True,
micro_anchor_collision,t1,Anchored task 2,TASK,root,,2026-09-24,2026-09-22,OVER_60_MIN,2,False,True,
micro_anchor_collision,t2,Anchored task 3,TASK,root,,2026-09-24,2026-09-22,OVER_60_MIN,3,False,True,
micro_deep_frontier,r,ELEC3609,GOAL,,,,,MIN_20_TO_60,,False,False,
micro_deep_frontier,a,Assignment 2,ASSIGNMENT,r,,,,MIN_20_TO_60,,False,False,
micro_deep_frontier,p,Timeline,TASK,a,,,,MIN_20_TO_60,,False,False,
micro_deep_frontier,q,Scheduler,TASK,p,,,,MIN_20_TO_60,,False,False,
micro_deep_frontier,leaf,Implement invariant validator,TASK,q,,2026-09-25,,MIN_20_TO_60,1,False,False,
micro_new_frontier,r,Personal Project,GOAL,,,,,MIN_20_TO_60,,False,False,
micro_new_frontier,p,Ship MVP,TASK,r,,,,MIN_20_TO_60,,False,False,
micro_new_frontier,leaf,Fix final blocker,TASK,p,,2026-09-21,,MIN_20_TO_60,1,True,False,
micro_priority_vs_deadline,r,Semester,GOAL,,,,,MIN_20_TO_60,,False,False,
micro_priority_vs_deadline,high,Deep architecture refactor,TASK,r,,2026-10-20,,OVER_60_MIN,1,False,False,
micro_priority_vs_deadline,urgent,Quiz due tomorrow,TASK,r,,2026-09-21,,UNDER_20_MIN,5,False,False,
micro_completion_frees_capacity,r,Semester,GOAL,,,,,MIN_20_TO_60,,False,False,
micro_completion_frees_capacity,done,Finished lab,TASK,r,,,2026-09-21,OVER_60_MIN,1,True,False,
micro_completion_frees_capacity,future,Future assignment work,TASK,r,,2026-09-28,,OVER_60_MIN,2,False,False,
micro_unavoidable_overload,r,Crunch Week,GOAL,,,,,MIN_20_TO_60,,False,False,
micro_unavoidable_overload,t0,Large task 1,TASK,r,2026-09-20,2026-09-21,,OVER_60_MIN,1,False,False,
micro_unavoidable_overload,t1,Large task 2,TASK,r,2026-09-20,2026-09-21,,OVER_60_MIN,2,False,False,
micro_unavoidable_overload,t2,Large task 3,TASK,r,2026-09-20,2026-09-21,,OVER_60_MIN,3,False,False,
micro_unavoidable_overload,t3,Large task 4,TASK,r,2026-09-20,2026-09-21,,OVER_60_MIN,4,False,False,
micro_unavoidable_overload,t4,Large task 5,TASK,r,2026-09-20,2026-09-21,,OVER_60_MIN,5,False,False,
micro_unavoidable_overload,t5,Large task 6,TASK,r,2026-09-20,2026-09-21,,OVER_60_MIN,6,False,False,
realistic_normal_semester,elec,ELEC3609,GOAL,,,,,MIN_20_TO_60,,False,False,uni
realistic_normal_semester,soft,SOFT2201,GOAL,,,,,MIN_20_TO_60,,False,False,uni
realistic_normal_semester,engg,ENGG3112,GOAL,,,,,MIN_20_TO_60,,False,False,uni
realistic_normal_semester,career,Career,GOAL,,,,,MIN_20_TO_60,,False,False,career
realistic_normal_semester,projects,Personal Projects,GOAL,,,,,MIN_20_TO_60,,False,False,project
realistic_normal_semester,arc_a2,Assignment 2 — ARC,ASSIGNMENT,elec,2026-09-10,2026-10-02,,MIN_20_TO_60,,False,False,"uni,arc"
realistic_normal_semester,arc_timeline,Timeline View,TASK,arc_a2,,,,MIN_20_TO_60,,False,False,
realistic_normal_semester,arc_sched,Finish scheduler experiments,TASK,arc_timeline,2026-09-18,2026-09-27,,HOURS_4_TO_12,1,False,False,"uni,arc"
realistic_normal_semester,arc_lane,Validate lane packing,TASK,arc_timeline,2026-09-18,2026-09-28,,HOURS_1_TO_4,4,False,False,"uni,arc"
realistic_normal_semester,arc_week,Verify week/month positioning,TASK,arc_timeline,2026-09-18,2026-09-29,,MIN_20_TO_60,6,False,False,"uni,arc"
realistic_normal_semester,arc_tests,Integration tests,TASK,arc_timeline,2026-09-18,2026-09-30,,HOURS_1_TO_4,3,False,False,"uni,arc"
realistic_normal_semester,arc_report,Write scheduler design section,TASK,arc_timeline,2026-09-18,2026-10-01,,HOURS_1_TO_4,2,False,False,"uni,arc"
realistic_normal_semester,soft_a3,Assignment 3 — Software Testing,ASSIGNMENT,soft,2026-09-17,2026-09-29,,MIN_20_TO_60,,False,False,"uni,testing"
realistic_normal_semester,soft_spec,Read specification,TASK,soft_a3,2026-09-19,2026-09-24,,MIN_20_TO_60,5,False,False,"uni,soft2201"
realistic_normal_semester,soft_existing,Inspect existing tests,TASK,soft_a3,2026-09-19,2026-09-25,,MIN_20_TO_60,7,False,False,"uni,soft2201"
realistic_normal_semester,soft_impl,Implement test cases,TASK,soft_a3,2026-09-19,2026-09-26,,HOURS_1_TO_4,2,False,False,"uni,soft2201"
realistic_normal_semester,soft_debug,Debug failing tests,TASK,soft_a3,2026-09-19,2026-09-27,,HOURS_1_TO_4,3,False,False,"uni,soft2201"
realistic_normal_semester,soft_answers,Write reflection answers,TASK,soft_a3,2026-09-19,2026-09-28,,MIN_20_TO_60,8,False,False,"uni,soft2201"
realistic_normal_semester,soft_submit,Final submission check,TASK,soft_a3,2026-09-19,2026-09-29,,UNDER_20_MIN,1,False,False,"uni,soft2201"
realistic_normal_semester,engg_design,Conceptual Design Proposal,ASSIGNMENT,engg,2026-09-13,2026-10-06,,MIN_20_TO_60,,False,False,"uni,team"
realistic_normal_semester,engg_research,Research precedents,TASK,engg_design,,2026-09-26,,HOURS_1_TO_4,9,False,False,
realistic_normal_semester,engg_concept,Develop concept,TASK,engg_design,,2026-09-30,,HOURS_1_TO_4,10,False,False,
realistic_normal_semester,engg_team,Integrate team section,TASK,engg_design,,2026-10-03,,HOURS_1_TO_4,11,False,False,
realistic_normal_semester,engg_final,Final report polish,TASK,engg_design,,2026-10-06,,HOURS_1_TO_4,12,False,False,
realistic_normal_semester,internship,Get internship,GOAL,career,,,,MIN_20_TO_60,,False,False,career
realistic_normal_semester,cv,Refine technical résumé,TASK,internship,,2026-09-25,,MIN_20_TO_60,13,False,False,career
realistic_normal_semester,linkedin,Update LinkedIn projects,TASK,internship,,2026-09-27,,UNDER_20_MIN,17,False,False,career
realistic_normal_semester,roles,Find 10 relevant internships,TASK,internship,,2026-09-29,,MIN_20_TO_60,15,False,False,career
realistic_normal_semester,apply1,Apply to internship shortlist,TASK,internship,,2026-10-02,,HOURS_1_TO_4,14,False,False,career
realistic_normal_semester,pass,Apply for PASS facilitator,TASK,internship,,2026-10-04,,MIN_20_TO_60,18,False,False,career
realistic_normal_semester,pet,Always-on-screen digital pet,GOAL,projects,,,,MIN_20_TO_60,,False,False,project
realistic_normal_semester,pet_proto,Prototype event loop,TASK,pet,,2026-10-10,,HOURS_1_TO_4,20,False,False,
realistic_normal_semester,nas,Remote PC + self-hosted NAS,GOAL,projects,,,,MIN_20_TO_60,,False,False,"project,systems"
realistic_normal_semester,nas_plan,Plan network/storage architecture,TASK,nas,,2026-10-15,,HOURS_1_TO_4,22,False,False,
realistic_normal_semester,tutorial,ENGG3112 tutorial attendance,TASK,engg,2026-09-23,2026-09-23,2026-09-23,HOURS_1_TO_4,16,False,True,"uni,fixed"
realistic_normal_semester,done_lab,Completed weekly lab,TASK,soft,,2026-09-18,2026-09-17,MIN_20_TO_60,30,True,False,"uni,completed"
realistic_deadline_heavy,elec,ELEC3609,GOAL,,,,,MIN_20_TO_60,,False,False,uni
realistic_deadline_heavy,soft,SOFT2201,GOAL,,,,,MIN_20_TO_60,,False,False,uni
realistic_deadline_heavy,engg,ENGG3112,GOAL,,,,,MIN_20_TO_60,,False,False,uni
realistic_deadline_heavy,career,Career,GOAL,,,,,MIN_20_TO_60,,False,False,career
realistic_deadline_heavy,projects,Personal Projects,GOAL,,,,,MIN_20_TO_60,,False,False,project
realistic_deadline_heavy,arc_a2,Assignment 2 — ARC,ASSIGNMENT,elec,2026-09-10,2026-10-02,,MIN_20_TO_60,,False,False,"uni,arc"
realistic_deadline_heavy,arc_timeline,Timeline View,TASK,arc_a2,,,,MIN_20_TO_60,,False,False,
realistic_deadline_heavy,arc_sched,Finish scheduler experiments,TASK,arc_timeline,2026-09-18,2026-09-27,,HOURS_4_TO_12,1,False,False,"uni,arc"
realistic_deadline_heavy,arc_lane,Validate lane packing,TASK,arc_timeline,2026-09-18,2026-09-28,,HOURS_1_TO_4,4,False,False,"uni,arc"
realistic_deadline_heavy,arc_week,Verify week/month positioning,TASK,arc_timeline,2026-09-18,2026-09-29,,MIN_20_TO_60,6,False,False,"uni,arc"
realistic_deadline_heavy,arc_tests,Integration tests,TASK,arc_timeline,2026-09-18,2026-09-30,,HOURS_1_TO_4,3,False,False,"uni,arc"
realistic_deadline_heavy,arc_report,Write scheduler design section,TASK,arc_timeline,2026-09-18,2026-10-01,,HOURS_1_TO_4,2,False,False,"uni,arc"
realistic_deadline_heavy,soft_a3,Assignment 3 — Software Testing,ASSIGNMENT,soft,2026-09-17,2026-09-29,,MIN_20_TO_60,,False,False,"uni,testing"
realistic_deadline_heavy,soft_spec,Read specification,TASK,soft_a3,2026-09-19,2026-09-24,,MIN_20_TO_60,5,False,False,"uni,soft2201"
realistic_deadline_heavy,soft_existing,Inspect existing tests,TASK,soft_a3,2026-09-19,2026-09-25,,MIN_20_TO_60,7,False,False,"uni,soft2201"
realistic_deadline_heavy,soft_impl,Implement test cases,TASK,soft_a3,2026-09-19,2026-09-26,,HOURS_1_TO_4,2,False,False,"uni,soft2201"
realistic_deadline_heavy,soft_debug,Debug failing tests,TASK,soft_a3,2026-09-19,2026-09-27,,HOURS_1_TO_4,3,False,False,"uni,soft2201"
realistic_deadline_heavy,soft_answers,Write reflection answers,TASK,soft_a3,2026-09-19,2026-09-28,,MIN_20_TO_60,8,False,False,"uni,soft2201"
realistic_deadline_heavy,soft_submit,Final submission check,TASK,soft_a3,2026-09-19,2026-09-29,,UNDER_20_MIN,1,False,False,"uni,soft2201"
realistic_deadline_heavy,engg_design,Conceptual Design Proposal,ASSIGNMENT,engg,2026-09-13,2026-10-06,,MIN_20_TO_60,,False,False,"uni,team"
realistic_deadline_heavy,engg_research,Research precedents,TASK,engg_design,,2026-09-26,,HOURS_1_TO_4,9,False,False,
realistic_deadline_heavy,engg_concept,Develop concept,TASK,engg_design,,2026-09-30,,HOURS_1_TO_4,10,False,False,
realistic_deadline_heavy,engg_team,Integrate team section,TASK,engg_design,,2026-10-03,,HOURS_1_TO_4,11,False,False,
realistic_deadline_heavy,engg_final,Final report polish,TASK,engg_design,,2026-10-06,,HOURS_1_TO_4,12,False,False,
realistic_deadline_heavy,internship,Get internship,GOAL,career,,,,MIN_20_TO_60,,False,False,career
realistic_deadline_heavy,cv,Refine technical résumé,TASK,internship,,2026-09-25,,MIN_20_TO_60,13,False,False,career
realistic_deadline_heavy,linkedin,Update LinkedIn projects,TASK,internship,,2026-09-27,,UNDER_20_MIN,17,False,False,career
realistic_deadline_heavy,roles,Find 10 relevant internships,TASK,internship,,2026-09-29,,MIN_20_TO_60,15,False,False,career
realistic_deadline_heavy,apply1,Apply to internship shortlist,TASK,internship,,2026-10-02,,HOURS_1_TO_4,14,False,False,career
realistic_deadline_heavy,pass,Apply for PASS facilitator,TASK,internship,,2026-10-04,,MIN_20_TO_60,18,False,False,career
realistic_deadline_heavy,pet,Always-on-screen digital pet,GOAL,projects,,,,MIN_20_TO_60,,False,False,project
realistic_deadline_heavy,pet_proto,Prototype event loop,TASK,pet,,2026-10-10,,HOURS_1_TO_4,20,False,False,
realistic_deadline_heavy,nas,Remote PC + self-hosted NAS,GOAL,projects,,,,MIN_20_TO_60,,False,False,"project,systems"
realistic_deadline_heavy,nas_plan,Plan network/storage architecture,TASK,nas,,2026-10-15,,HOURS_1_TO_4,22,False,False,
realistic_deadline_heavy,tutorial,ENGG3112 tutorial attendance,TASK,engg,2026-09-23,2026-09-23,2026-09-23,HOURS_1_TO_4,16,False,True,"uni,fixed"
realistic_deadline_heavy,done_lab,Completed weekly lab,TASK,soft,,2026-09-18,2026-09-17,MIN_20_TO_60,30,True,False,"uni,completed"
realistic_deadline_heavy,burst_0,Deadline burst task 1,TASK,elec,2026-09-20,2026-09-23,,MIN_20_TO_60,25,False,False,"uni,burst"
realistic_deadline_heavy,burst_1,Deadline burst task 2,TASK,elec,2026-09-20,2026-09-24,,OVER_60_MIN,26,False,False,"uni,burst"
realistic_deadline_heavy,burst_2,Deadline burst task 3,TASK,elec,2026-09-20,2026-09-25,,MIN_20_TO_60,27,False,False,"uni,burst"
realistic_deadline_heavy,burst_3,Deadline burst task 4,TASK,elec,2026-09-20,2026-09-23,,OVER_60_MIN,28,False,False,"uni,burst"
realistic_deadline_heavy,burst_4,Deadline burst task 5,TASK,elec,2026-09-20,2026-09-24,,MIN_20_TO_60,29,False,False,"uni,burst"
realistic_deadline_heavy,burst_5,Deadline burst task 6,TASK,elec,2026-09-20,2026-09-25,,OVER_60_MIN,30,False,False,"uni,burst"
realistic_deadline_heavy,burst_6,Deadline burst task 7,TASK,elec,2026-09-20,2026-09-23,,MIN_20_TO_60,31,False,False,"uni,burst"
realistic_deadline_heavy,burst_7,Deadline burst task 8,TASK,elec,2026-09-20,2026-09-24,,OVER_60_MIN,32,False,False,"uni,burst"
realistic_project_heavy,elec,ELEC3609,GOAL,,,,,MIN_20_TO_60,,False,False,uni
realistic_project_heavy,soft,SOFT2201,GOAL,,,,,MIN_20_TO_60,,False,False,uni
realistic_project_heavy,engg,ENGG3112,GOAL,,,,,MIN_20_TO_60,,False,False,uni
realistic_project_heavy,career,Career,GOAL,,,,,MIN_20_TO_60,,False,False,career
realistic_project_heavy,projects,Personal Projects,GOAL,,,,,MIN_20_TO_60,,False,False,project
realistic_project_heavy,arc_a2,Assignment 2 — ARC,ASSIGNMENT,elec,2026-09-10,2026-10-02,,MIN_20_TO_60,,False,False,"uni,arc"
realistic_project_heavy,arc_timeline,Timeline View,TASK,arc_a2,,,,MIN_20_TO_60,,False,False,
realistic_project_heavy,arc_sched,Finish scheduler experiments,TASK,arc_timeline,2026-09-18,2026-09-27,,HOURS_4_TO_12,1,False,False,"uni,arc"
realistic_project_heavy,arc_lane,Validate lane packing,TASK,arc_timeline,2026-09-18,2026-09-28,,HOURS_1_TO_4,4,False,False,"uni,arc"
realistic_project_heavy,arc_week,Verify week/month positioning,TASK,arc_timeline,2026-09-18,2026-09-29,,MIN_20_TO_60,6,False,False,"uni,arc"
realistic_project_heavy,arc_tests,Integration tests,TASK,arc_timeline,2026-09-18,2026-09-30,,HOURS_1_TO_4,3,False,False,"uni,arc"
realistic_project_heavy,arc_report,Write scheduler design section,TASK,arc_timeline,2026-09-18,2026-10-01,,HOURS_1_TO_4,2,False,False,"uni,arc"
realistic_project_heavy,soft_a3,Assignment 3 — Software Testing,ASSIGNMENT,soft,2026-09-17,2026-09-29,,MIN_20_TO_60,,False,False,"uni,testing"
realistic_project_heavy,soft_spec,Read specification,TASK,soft_a3,2026-09-19,2026-09-24,,MIN_20_TO_60,5,False,False,"uni,soft2201"
realistic_project_heavy,soft_existing,Inspect existing tests,TASK,soft_a3,2026-09-19,2026-09-25,,MIN_20_TO_60,7,False,False,"uni,soft2201"
realistic_project_heavy,soft_impl,Implement test cases,TASK,soft_a3,2026-09-19,2026-09-26,,HOURS_1_TO_4,2,False,False,"uni,soft2201"
realistic_project_heavy,soft_debug,Debug failing tests,TASK,soft_a3,2026-09-19,2026-09-27,,HOURS_1_TO_4,3,False,False,"uni,soft2201"
realistic_project_heavy,soft_answers,Write reflection answers,TASK,soft_a3,2026-09-19,2026-09-28,,MIN_20_TO_60,8,False,False,"uni,soft2201"
realistic_project_heavy,soft_submit,Final submission check,TASK,soft_a3,2026-09-19,2026-09-29,,UNDER_20_MIN,1,False,False,"uni,soft2201"
realistic_project_heavy,engg_design,Conceptual Design Proposal,ASSIGNMENT,engg,2026-09-13,2026-10-06,,MIN_20_TO_60,,False,False,"uni,team"
realistic_project_heavy,engg_research,Research precedents,TASK,engg_design,,2026-09-26,,HOURS_1_TO_4,9,False,False,
realistic_project_heavy,engg_concept,Develop concept,TASK,engg_design,,2026-09-30,,HOURS_1_TO_4,10,False,False,
realistic_project_heavy,engg_team,Integrate team section,TASK,engg_design,,2026-10-03,,HOURS_1_TO_4,11,False,False,
realistic_project_heavy,engg_final,Final report polish,TASK,engg_design,,2026-10-06,,HOURS_1_TO_4,12,False,False,
realistic_project_heavy,internship,Get internship,GOAL,career,,,,MIN_20_TO_60,,False,False,career
realistic_project_heavy,cv,Refine technical résumé,TASK,internship,,2026-09-25,,MIN_20_TO_60,13,False,False,career
realistic_project_heavy,linkedin,Update LinkedIn projects,TASK,internship,,2026-09-27,,UNDER_20_MIN,17,False,False,career
realistic_project_heavy,roles,Find 10 relevant internships,TASK,internship,,2026-09-29,,MIN_20_TO_60,15,False,False,career
realistic_project_heavy,apply1,Apply to internship shortlist,TASK,internship,,2026-10-02,,HOURS_1_TO_4,14,False,False,career
realistic_project_heavy,pass,Apply for PASS facilitator,TASK,internship,,2026-10-04,,MIN_20_TO_60,18,False,False,career
realistic_project_heavy,pet,Always-on-screen digital pet,GOAL,projects,,,,MIN_20_TO_60,,False,False,project
realistic_project_heavy,pet_proto,Prototype event loop,TASK,pet,,2026-10-10,,HOURS_1_TO_4,20,False,False,
realistic_project_heavy,nas,Remote PC + self-hosted NAS,GOAL,projects,,,,MIN_20_TO_60,,False,False,"project,systems"
realistic_project_heavy,nas_plan,Plan network/storage architecture,TASK,nas,,2026-10-15,,HOURS_1_TO_4,22,False,False,
realistic_project_heavy,tutorial,ENGG3112 tutorial attendance,TASK,engg,2026-09-23,2026-09-23,2026-09-23,HOURS_1_TO_4,16,False,True,"uni,fixed"
realistic_project_heavy,done_lab,Completed weekly lab,TASK,soft,,2026-09-18,2026-09-17,MIN_20_TO_60,30,True,False,"uni,completed"
realistic_project_heavy,research,Scheduler algorithm research,GOAL,projects,,,,MIN_20_TO_60,,False,False,"project,research"
realistic_project_heavy,research_0,Implement exact micro-case oracle,TASK,research,2026-09-20,2026-10-08,,HOURS_4_TO_12,31,False,False,"project,research"
realistic_project_heavy,research_1,Implement beam-search scheduler,TASK,research,2026-09-21,2026-10-09,,HOURS_4_TO_12,32,False,False,"project,research"
realistic_project_heavy,research_2,Run parameter sweep,TASK,research,2026-09-22,2026-10-10,,HOURS_1_TO_4,33,False,False,"project,research"
realistic_project_heavy,research_3,Analyse Pareto frontier,TASK,research,2026-09-23,2026-10-11,,HOURS_1_TO_4,34,False,False,"project,research"
realistic_project_heavy,research_4,Document findings,TASK,research,2026-09-24,2026-10-12,,HOURS_1_TO_4,35,False,False,"project,research"
realistic_project_heavy,research_5,Port winning scheduler into ARC,TASK,research,2026-09-25,2026-10-13,,OVER_12_HOURS,36,False,False,"project,research"
realistic_overloaded_semester,elec,ELEC3609,GOAL,,,,,MIN_20_TO_60,,False,False,uni
realistic_overloaded_semester,soft,SOFT2201,GOAL,,,,,MIN_20_TO_60,,False,False,uni
realistic_overloaded_semester,engg,ENGG3112,GOAL,,,,,MIN_20_TO_60,,False,False,uni
realistic_overloaded_semester,career,Career,GOAL,,,,,MIN_20_TO_60,,False,False,career
realistic_overloaded_semester,projects,Personal Projects,GOAL,,,,,MIN_20_TO_60,,False,False,project
realistic_overloaded_semester,arc_a2,Assignment 2 — ARC,ASSIGNMENT,elec,2026-09-10,2026-10-02,,MIN_20_TO_60,,False,False,"uni,arc"
realistic_overloaded_semester,arc_timeline,Timeline View,TASK,arc_a2,,,,MIN_20_TO_60,,False,False,
realistic_overloaded_semester,arc_sched,Finish scheduler experiments,TASK,arc_timeline,2026-09-18,2026-09-27,,HOURS_4_TO_12,1,False,False,"uni,arc"
realistic_overloaded_semester,arc_lane,Validate lane packing,TASK,arc_timeline,2026-09-18,2026-09-28,,HOURS_1_TO_4,4,False,False,"uni,arc"
realistic_overloaded_semester,arc_week,Verify week/month positioning,TASK,arc_timeline,2026-09-18,2026-09-29,,MIN_20_TO_60,6,False,False,"uni,arc"
realistic_overloaded_semester,arc_tests,Integration tests,TASK,arc_timeline,2026-09-18,2026-09-30,,HOURS_1_TO_4,3,False,False,"uni,arc"
realistic_overloaded_semester,arc_report,Write scheduler design section,TASK,arc_timeline,2026-09-18,2026-10-01,,HOURS_1_TO_4,2,False,False,"uni,arc"
realistic_overloaded_semester,soft_a3,Assignment 3 — Software Testing,ASSIGNMENT,soft,2026-09-17,2026-09-29,,MIN_20_TO_60,,False,False,"uni,testing"
realistic_overloaded_semester,soft_spec,Read specification,TASK,soft_a3,2026-09-19,2026-09-24,,MIN_20_TO_60,5,False,False,"uni,soft2201"
realistic_overloaded_semester,soft_existing,Inspect existing tests,TASK,soft_a3,2026-09-19,2026-09-25,,MIN_20_TO_60,7,False,False,"uni,soft2201"
realistic_overloaded_semester,soft_impl,Implement test cases,TASK,soft_a3,2026-09-19,2026-09-26,,HOURS_1_TO_4,2,False,False,"uni,soft2201"
realistic_overloaded_semester,soft_debug,Debug failing tests,TASK,soft_a3,2026-09-19,2026-09-27,,HOURS_1_TO_4,3,False,False,"uni,soft2201"
realistic_overloaded_semester,soft_answers,Write reflection answers,TASK,soft_a3,2026-09-19,2026-09-28,,MIN_20_TO_60,8,False,False,"uni,soft2201"
realistic_overloaded_semester,soft_submit,Final submission check,TASK,soft_a3,2026-09-19,2026-09-29,,UNDER_20_MIN,1,False,False,"uni,soft2201"
realistic_overloaded_semester,engg_design,Conceptual Design Proposal,ASSIGNMENT,engg,2026-09-13,2026-10-06,,MIN_20_TO_60,,False,False,"uni,team"
realistic_overloaded_semester,engg_research,Research precedents,TASK,engg_design,,2026-09-26,,HOURS_1_TO_4,9,False,False,
realistic_overloaded_semester,engg_concept,Develop concept,TASK,engg_design,,2026-09-30,,HOURS_1_TO_4,10,False,False,
realistic_overloaded_semester,engg_team,Integrate team section,TASK,engg_design,,2026-10-03,,HOURS_1_TO_4,11,False,False,
realistic_overloaded_semester,engg_final,Final report polish,TASK,engg_design,,2026-10-06,,HOURS_1_TO_4,12,False,False,
realistic_overloaded_semester,internship,Get internship,GOAL,career,,,,MIN_20_TO_60,,False,False,career
realistic_overloaded_semester,cv,Refine technical résumé,TASK,internship,,2026-09-25,,MIN_20_TO_60,13,False,False,career
realistic_overloaded_semester,linkedin,Update LinkedIn projects,TASK,internship,,2026-09-27,,UNDER_20_MIN,17,False,False,career
realistic_overloaded_semester,roles,Find 10 relevant internships,TASK,internship,,2026-09-29,,MIN_20_TO_60,15,False,False,career
realistic_overloaded_semester,apply1,Apply to internship shortlist,TASK,internship,,2026-10-02,,HOURS_1_TO_4,14,False,False,career
realistic_overloaded_semester,pass,Apply for PASS facilitator,TASK,internship,,2026-10-04,,MIN_20_TO_60,18,False,False,career
realistic_overloaded_semester,pet,Always-on-screen digital pet,GOAL,projects,,,,MIN_20_TO_60,,False,False,project
realistic_overloaded_semester,pet_proto,Prototype event loop,TASK,pet,,2026-10-10,,HOURS_1_TO_4,20,False,False,
realistic_overloaded_semester,nas,Remote PC + self-hosted NAS,GOAL,projects,,,,MIN_20_TO_60,,False,False,"project,systems"
realistic_overloaded_semester,nas_plan,Plan network/storage architecture,TASK,nas,,2026-10-15,,HOURS_1_TO_4,22,False,False,
realistic_overloaded_semester,tutorial,ENGG3112 tutorial attendance,TASK,engg,2026-09-23,2026-09-23,2026-09-23,HOURS_1_TO_4,16,False,True,"uni,fixed"
realistic_overloaded_semester,done_lab,Completed weekly lab,TASK,soft,,2026-09-18,2026-09-17,MIN_20_TO_60,30,True,False,"uni,completed"
realistic_overloaded_semester,burst_0,Deadline burst task 1,TASK,elec,2026-09-20,2026-09-23,,MIN_20_TO_60,25,False,False,"uni,burst"
realistic_overloaded_semester,burst_1,Deadline burst task 2,TASK,elec,2026-09-20,2026-09-24,,OVER_60_MIN,26,False,False,"uni,burst"
realistic_overloaded_semester,burst_2,Deadline burst task 3,TASK,elec,2026-09-20,2026-09-25,,MIN_20_TO_60,27,False,False,"uni,burst"
realistic_overloaded_semester,burst_3,Deadline burst task 4,TASK,elec,2026-09-20,2026-09-23,,OVER_60_MIN,28,False,False,"uni,burst"
realistic_overloaded_semester,burst_4,Deadline burst task 5,TASK,elec,2026-09-20,2026-09-24,,MIN_20_TO_60,29,False,False,"uni,burst"
realistic_overloaded_semester,burst_5,Deadline burst task 6,TASK,elec,2026-09-20,2026-09-25,,OVER_60_MIN,30,False,False,"uni,burst"
realistic_overloaded_semester,burst_6,Deadline burst task 7,TASK,elec,2026-09-20,2026-09-23,,MIN_20_TO_60,31,False,False,"uni,burst"
realistic_overloaded_semester,burst_7,Deadline burst task 8,TASK,elec,2026-09-20,2026-09-24,,OVER_60_MIN,32,False,False,"uni,burst"
realistic_overloaded_semester,burst_8,Deadline burst task 9,TASK,elec,2026-09-20,2026-09-25,,MIN_20_TO_60,33,False,False,"uni,burst"
realistic_overloaded_semester,burst_9,Deadline burst task 10,TASK,elec,2026-09-20,2026-09-23,,OVER_60_MIN,34,False,False,"uni,burst"
realistic_overloaded_semester,burst_10,Deadline burst task 11,TASK,elec,2026-09-20,2026-09-24,,MIN_20_TO_60,35,False,False,"uni,burst"
realistic_overloaded_semester,burst_11,Deadline burst task 12,TASK,elec,2026-09-20,2026-09-25,,OVER_60_MIN,36,False,False,"uni,burst"
realistic_overloaded_semester,burst_12,Deadline burst task 13,TASK,elec,2026-09-20,2026-09-23,,MIN_20_TO_60,37,False,False,"uni,burst"
realistic_overloaded_semester,burst_13,Deadline burst task 14,TASK,elec,2026-09-20,2026-09-24,,OVER_60_MIN,38,False,False,"uni,burst"
realistic_overloaded_semester,burst_14,Deadline burst task 15,TASK,elec,2026-09-20,2026-09-25,,MIN_20_TO_60,39,False,False,"uni,burst"
realistic_overloaded_semester,research,Scheduler algorithm research,GOAL,projects,,,,MIN_20_TO_60,,False,False,"project,research"
realistic_overloaded_semester,research_0,Implement exact micro-case oracle,TASK,research,2026-09-20,2026-10-08,,HOURS_4_TO_12,31,False,False,"project,research"
realistic_overloaded_semester,research_1,Implement beam-search scheduler,TASK,research,2026-09-21,2026-10-09,,HOURS_4_TO_12,32,False,False,"project,research"
realistic_overloaded_semester,research_2,Run parameter sweep,TASK,research,2026-09-22,2026-10-10,,HOURS_1_TO_4,33,False,False,"project,research"
realistic_overloaded_semester,research_3,Analyse Pareto frontier,TASK,research,2026-09-23,2026-10-11,,HOURS_1_TO_4,34,False,False,"project,research"
realistic_overloaded_semester,research_4,Document findings,TASK,research,2026-09-24,2026-10-12,,HOURS_1_TO_4,35,False,False,"project,research"
realistic_overloaded_semester,research_5,Port winning scheduler into ARC,TASK,research,2026-09-25,2026-10-13,,OVER_12_HOURS,36,False,False,"project,research"
stress_50_same_deadline,root,Stress Benchmark,GOAL,,,,,MIN_20_TO_60,,False,False,
stress_late_release_burst,root,Stress Benchmark,GOAL,,,,,MIN_20_TO_60,,False,False,
stress_dense_fortnight,root,Stress Benchmark,GOAL,,,,,MIN_20_TO_60,,False,False,
stress_sparse_quarter,root,Stress Benchmark,GOAL,,,,,MIN_20_TO_60,,False,False,
stress_priority_ties,root,Stress Benchmark,GOAL,,,,,MIN_20_TO_60,,False,False,
stress_many_anchors,root,Stress Benchmark,GOAL,,,,,MIN_20_TO_60,,False,False,
stress_deep_hierarchy,root,Stress Benchmark,GOAL,,,,,MIN_20_TO_60,,False,False,
stress_impossible_capacity,root,Stress Benchmark,GOAL,,,,,MIN_20_TO_60,,False,False,
stress_50_same_deadline,t0,Shared-deadline task 1,TASK,root,,2026-09-27,,UNDER_20_MIN,1,False,False,
stress_50_same_deadline,t1,Shared-deadline task 2,TASK,root,,2026-09-27,,MIN_20_TO_60,2,False,False,
stress_50_same_deadline,t2,Shared-deadline task 3,TASK,root,,2026-09-27,,OVER_60_MIN,3,False,False,
stress_50_same_deadline,t3,Shared-deadline task 4,TASK,root,,2026-09-27,,UNDER_20_MIN,4,False,False,
stress_50_same_deadline,t4,Shared-deadline task 5,TASK,root,,2026-09-27,,MIN_20_TO_60,5,False,False,
stress_50_same_deadline,t5,Shared-deadline task 6,TASK,root,,2026-09-27,,OVER_60_MIN,6,False,False,
stress_50_same_deadline,t6,Shared-deadline task 7,TASK,root,,2026-09-27,,UNDER_20_MIN,7,False,False,
stress_50_same_deadline,t7,Shared-deadline task 8,TASK,root,,2026-09-27,,MIN_20_TO_60,8,False,False,
stress_50_same_deadline,t8,Shared-deadline task 9,TASK,root,,2026-09-27,,OVER_60_MIN,9,False,False,
stress_50_same_deadline,t9,Shared-deadline task 10,TASK,root,,2026-09-27,,UNDER_20_MIN,10,False,False,
stress_50_same_deadline,t10,Shared-deadline task 11,TASK,root,,2026-09-27,,MIN_20_TO_60,11,False,False,
stress_50_same_deadline,t11,Shared-deadline task 12,TASK,root,,2026-09-27,,OVER_60_MIN,12,False,False,
stress_50_same_deadline,t12,Shared-deadline task 13,TASK,root,,2026-09-27,,UNDER_20_MIN,13,False,False,
stress_50_same_deadline,t13,Shared-deadline task 14,TASK,root,,2026-09-27,,MIN_20_TO_60,14,False,False,
stress_50_same_deadline,t14,Shared-deadline task 15,TASK,root,,2026-09-27,,OVER_60_MIN,15,False,False,
stress_50_same_deadline,t15,Shared-deadline task 16,TASK,root,,2026-09-27,,UNDER_20_MIN,16,False,False,
stress_50_same_deadline,t16,Shared-deadline task 17,TASK,root,,2026-09-27,,MIN_20_TO_60,17,False,False,
stress_50_same_deadline,t17,Shared-deadline task 18,TASK,root,,2026-09-27,,OVER_60_MIN,18,False,False,
stress_50_same_deadline,t18,Shared-deadline task 19,TASK,root,,2026-09-27,,UNDER_20_MIN,19,False,False,
stress_50_same_deadline,t19,Shared-deadline task 20,TASK,root,,2026-09-27,,MIN_20_TO_60,20,False,False,
stress_50_same_deadline,t20,Shared-deadline task 21,TASK,root,,2026-09-27,,OVER_60_MIN,21,False,False,
stress_50_same_deadline,t21,Shared-deadline task 22,TASK,root,,2026-09-27,,UNDER_20_MIN,22,False,False,
stress_50_same_deadline,t22,Shared-deadline task 23,TASK,root,,2026-09-27,,MIN_20_TO_60,23,False,False,
stress_50_same_deadline,t23,Shared-deadline task 24,TASK,root,,2026-09-27,,OVER_60_MIN,24,False,False,
stress_50_same_deadline,t24,Shared-deadline task 25,TASK,root,,2026-09-27,,UNDER_20_MIN,25,False,False,
stress_50_same_deadline,t25,Shared-deadline task 26,TASK,root,,2026-09-27,,MIN_20_TO_60,26,False,False,
stress_50_same_deadline,t26,Shared-deadline task 27,TASK,root,,2026-09-27,,OVER_60_MIN,27,False,False,
stress_50_same_deadline,t27,Shared-deadline task 28,TASK,root,,2026-09-27,,UNDER_20_MIN,28,False,False,
stress_50_same_deadline,t28,Shared-deadline task 29,TASK,root,,2026-09-27,,MIN_20_TO_60,29,False,False,
stress_50_same_deadline,t29,Shared-deadline task 30,TASK,root,,2026-09-27,,OVER_60_MIN,30,False,False,
stress_50_same_deadline,t30,Shared-deadline task 31,TASK,root,,2026-09-27,,UNDER_20_MIN,31,False,False,
stress_50_same_deadline,t31,Shared-deadline task 32,TASK,root,,2026-09-27,,MIN_20_TO_60,32,False,False,
stress_50_same_deadline,t32,Shared-deadline task 33,TASK,root,,2026-09-27,,OVER_60_MIN,33,False,False,
stress_50_same_deadline,t33,Shared-deadline task 34,TASK,root,,2026-09-27,,UNDER_20_MIN,34,False,False,
stress_50_same_deadline,t34,Shared-deadline task 35,TASK,root,,2026-09-27,,MIN_20_TO_60,35,False,False,
stress_50_same_deadline,t35,Shared-deadline task 36,TASK,root,,2026-09-27,,OVER_60_MIN,36,False,False,
stress_50_same_deadline,t36,Shared-deadline task 37,TASK,root,,2026-09-27,,UNDER_20_MIN,37,False,False,
stress_50_same_deadline,t37,Shared-deadline task 38,TASK,root,,2026-09-27,,MIN_20_TO_60,38,False,False,
stress_50_same_deadline,t38,Shared-deadline task 39,TASK,root,,2026-09-27,,OVER_60_MIN,39,False,False,
stress_50_same_deadline,t39,Shared-deadline task 40,TASK,root,,2026-09-27,,UNDER_20_MIN,40,False,False,
stress_50_same_deadline,t40,Shared-deadline task 41,TASK,root,,2026-09-27,,MIN_20_TO_60,41,False,False,
stress_50_same_deadline,t41,Shared-deadline task 42,TASK,root,,2026-09-27,,OVER_60_MIN,42,False,False,
stress_50_same_deadline,t42,Shared-deadline task 43,TASK,root,,2026-09-27,,UNDER_20_MIN,43,False,False,
stress_50_same_deadline,t43,Shared-deadline task 44,TASK,root,,2026-09-27,,MIN_20_TO_60,44,False,False,
stress_50_same_deadline,t44,Shared-deadline task 45,TASK,root,,2026-09-27,,OVER_60_MIN,45,False,False,
stress_50_same_deadline,t45,Shared-deadline task 46,TASK,root,,2026-09-27,,UNDER_20_MIN,46,False,False,
stress_50_same_deadline,t46,Shared-deadline task 47,TASK,root,,2026-09-27,,MIN_20_TO_60,47,False,False,
stress_50_same_deadline,t47,Shared-deadline task 48,TASK,root,,2026-09-27,,OVER_60_MIN,48,False,False,
stress_50_same_deadline,t48,Shared-deadline task 49,TASK,root,,2026-09-27,,UNDER_20_MIN,49,False,False,
stress_50_same_deadline,t49,Shared-deadline task 50,TASK,root,,2026-09-27,,MIN_20_TO_60,50,False,False,
stress_late_release_burst,t0,Late-release task 1,TASK,root,2026-09-25,2026-09-28,,MIN_20_TO_60,1,False,False,
stress_late_release_burst,t1,Late-release task 2,TASK,root,2026-09-25,2026-09-28,,MIN_20_TO_60,2,False,False,
stress_late_release_burst,t2,Late-release task 3,TASK,root,2026-09-25,2026-09-28,,MIN_20_TO_60,3,False,False,
stress_late_release_burst,t3,Late-release task 4,TASK,root,2026-09-25,2026-09-28,,MIN_20_TO_60,4,False,False,
stress_late_release_burst,t4,Late-release task 5,TASK,root,2026-09-25,2026-09-28,,MIN_20_TO_60,5,False,False,
stress_late_release_burst,t5,Late-release task 6,TASK,root,2026-09-25,2026-09-28,,MIN_20_TO_60,6,False,False,
stress_late_release_burst,t6,Late-release task 7,TASK,root,2026-09-25,2026-09-28,,MIN_20_TO_60,7,False,False,
stress_late_release_burst,t7,Late-release task 8,TASK,root,2026-09-25,2026-09-28,,MIN_20_TO_60,8,False,False,
stress_late_release_burst,t8,Late-release task 9,TASK,root,2026-09-25,2026-09-28,,MIN_20_TO_60,9,False,False,
stress_late_release_burst,t9,Late-release task 10,TASK,root,2026-09-25,2026-09-28,,MIN_20_TO_60,10,False,False,
stress_late_release_burst,t10,Late-release task 11,TASK,root,2026-09-25,2026-09-28,,MIN_20_TO_60,11,False,False,
stress_late_release_burst,t11,Late-release task 12,TASK,root,2026-09-25,2026-09-28,,MIN_20_TO_60,12,False,False,
stress_late_release_burst,t12,Late-release task 13,TASK,root,2026-09-25,2026-09-28,,MIN_20_TO_60,13,False,False,
stress_late_release_burst,t13,Late-release task 14,TASK,root,2026-09-25,2026-09-28,,MIN_20_TO_60,14,False,False,
stress_late_release_burst,t14,Late-release task 15,TASK,root,2026-09-25,2026-09-28,,MIN_20_TO_60,15,False,False,
stress_late_release_burst,t15,Late-release task 16,TASK,root,2026-09-25,2026-09-28,,MIN_20_TO_60,16,False,False,
stress_late_release_burst,t16,Late-release task 17,TASK,root,2026-09-25,2026-09-28,,MIN_20_TO_60,17,False,False,
stress_late_release_burst,t17,Late-release task 18,TASK,root,2026-09-25,2026-09-28,,MIN_20_TO_60,18,False,False,
stress_late_release_burst,t18,Late-release task 19,TASK,root,2026-09-25,2026-09-28,,MIN_20_TO_60,19,False,False,
stress_late_release_burst,t19,Late-release task 20,TASK,root,2026-09-25,2026-09-28,,MIN_20_TO_60,20,False,False,
stress_late_release_burst,t20,Late-release task 21,TASK,root,2026-09-25,2026-09-28,,MIN_20_TO_60,21,False,False,
stress_late_release_burst,t21,Late-release task 22,TASK,root,2026-09-25,2026-09-28,,MIN_20_TO_60,22,False,False,
stress_late_release_burst,t22,Late-release task 23,TASK,root,2026-09-25,2026-09-28,,MIN_20_TO_60,23,False,False,
stress_late_release_burst,t23,Late-release task 24,TASK,root,2026-09-25,2026-09-28,,MIN_20_TO_60,24,False,False,
stress_late_release_burst,t24,Late-release task 25,TASK,root,2026-09-25,2026-09-28,,MIN_20_TO_60,25,False,False,
stress_late_release_burst,t25,Late-release task 26,TASK,root,2026-09-25,2026-09-28,,MIN_20_TO_60,26,False,False,
stress_late_release_burst,t26,Late-release task 27,TASK,root,2026-09-25,2026-09-28,,MIN_20_TO_60,27,False,False,
stress_late_release_burst,t27,Late-release task 28,TASK,root,2026-09-25,2026-09-28,,MIN_20_TO_60,28,False,False,
stress_late_release_burst,t28,Late-release task 29,TASK,root,2026-09-25,2026-09-28,,MIN_20_TO_60,29,False,False,
stress_late_release_burst,t29,Late-release task 30,TASK,root,2026-09-25,2026-09-28,,MIN_20_TO_60,30,False,False,
stress_late_release_burst,t30,Late-release task 31,TASK,root,2026-09-25,2026-09-28,,MIN_20_TO_60,31,False,False,
stress_late_release_burst,t31,Late-release task 32,TASK,root,2026-09-25,2026-09-28,,MIN_20_TO_60,32,False,False,
stress_late_release_burst,t32,Late-release task 33,TASK,root,2026-09-25,2026-09-28,,MIN_20_TO_60,33,False,False,
stress_late_release_burst,t33,Late-release task 34,TASK,root,2026-09-25,2026-09-28,,MIN_20_TO_60,34,False,False,
stress_late_release_burst,t34,Late-release task 35,TASK,root,2026-09-25,2026-09-28,,MIN_20_TO_60,35,False,False,
stress_dense_fortnight,t0,Dense task 1,TASK,root,2026-09-20,2026-09-23,,UNDER_20_MIN,1,False,False,
stress_dense_fortnight,t1,Dense task 2,TASK,root,2026-09-21,2026-09-24,,MIN_20_TO_60,2,False,False,
stress_dense_fortnight,t2,Dense task 3,TASK,root,2026-09-22,2026-09-25,,OVER_60_MIN,3,False,False,
stress_dense_fortnight,t3,Dense task 4,TASK,root,2026-09-23,2026-09-26,,UNDER_20_MIN,4,False,False,
stress_dense_fortnight,t4,Dense task 5,TASK,root,2026-09-20,2026-09-27,,MIN_20_TO_60,5,False,False,
stress_dense_fortnight,t5,Dense task 6,TASK,root,2026-09-21,2026-09-28,,OVER_60_MIN,6,False,False,
stress_dense_fortnight,t6,Dense task 7,TASK,root,2026-09-22,2026-09-29,,UNDER_20_MIN,7,False,False,
stress_dense_fortnight,t7,Dense task 8,TASK,root,2026-09-23,2026-09-30,,MIN_20_TO_60,8,False,False,
stress_dense_fortnight,t8,Dense task 9,TASK,root,2026-09-20,2026-10-01,,OVER_60_MIN,9,False,False,
stress_dense_fortnight,t9,Dense task 10,TASK,root,2026-09-21,2026-10-02,,UNDER_20_MIN,10,False,False,
stress_dense_fortnight,t10,Dense task 11,TASK,root,2026-09-22,2026-10-03,,MIN_20_TO_60,11,False,False,
stress_dense_fortnight,t11,Dense task 12,TASK,root,2026-09-23,2026-09-23,,OVER_60_MIN,12,False,False,
stress_dense_fortnight,t12,Dense task 13,TASK,root,2026-09-20,2026-09-24,,UNDER_20_MIN,13,False,False,
stress_dense_fortnight,t13,Dense task 14,TASK,root,2026-09-21,2026-09-25,,MIN_20_TO_60,14,False,False,
stress_dense_fortnight,t14,Dense task 15,TASK,root,2026-09-22,2026-09-26,,OVER_60_MIN,15,False,False,
stress_dense_fortnight,t15,Dense task 16,TASK,root,2026-09-23,2026-09-27,,UNDER_20_MIN,16,False,False,
stress_dense_fortnight,t16,Dense task 17,TASK,root,2026-09-20,2026-09-28,,MIN_20_TO_60,17,False,False,
stress_dense_fortnight,t17,Dense task 18,TASK,root,2026-09-21,2026-09-29,,OVER_60_MIN,18,False,False,
stress_dense_fortnight,t18,Dense task 19,TASK,root,2026-09-22,2026-09-30,,UNDER_20_MIN,19,False,False,
stress_dense_fortnight,t19,Dense task 20,TASK,root,2026-09-23,2026-10-01,,MIN_20_TO_60,20,False,False,
stress_dense_fortnight,t20,Dense task 21,TASK,root,2026-09-20,2026-10-02,,OVER_60_MIN,21,False,False,
stress_dense_fortnight,t21,Dense task 22,TASK,root,2026-09-21,2026-10-03,,UNDER_20_MIN,22,False,False,
stress_dense_fortnight,t22,Dense task 23,TASK,root,2026-09-22,2026-09-23,,MIN_20_TO_60,23,False,False,
stress_dense_fortnight,t23,Dense task 24,TASK,root,2026-09-23,2026-09-24,,OVER_60_MIN,24,False,False,
stress_dense_fortnight,t24,Dense task 25,TASK,root,2026-09-20,2026-09-25,,UNDER_20_MIN,25,False,False,
stress_dense_fortnight,t25,Dense task 26,TASK,root,2026-09-21,2026-09-26,,MIN_20_TO_60,26,False,False,
stress_dense_fortnight,t26,Dense task 27,TASK,root,2026-09-22,2026-09-27,,OVER_60_MIN,27,False,False,
stress_dense_fortnight,t27,Dense task 28,TASK,root,2026-09-23,2026-09-28,,UNDER_20_MIN,28,False,False,
stress_dense_fortnight,t28,Dense task 29,TASK,root,2026-09-20,2026-09-29,,MIN_20_TO_60,29,False,False,
stress_dense_fortnight,t29,Dense task 30,TASK,root,2026-09-21,2026-09-30,,OVER_60_MIN,30,False,False,
stress_dense_fortnight,t30,Dense task 31,TASK,root,2026-09-22,2026-10-01,,UNDER_20_MIN,31,False,False,
stress_dense_fortnight,t31,Dense task 32,TASK,root,2026-09-23,2026-10-02,,MIN_20_TO_60,32,False,False,
stress_dense_fortnight,t32,Dense task 33,TASK,root,2026-09-20,2026-10-03,,OVER_60_MIN,33,False,False,
stress_dense_fortnight,t33,Dense task 34,TASK,root,2026-09-21,2026-09-23,,UNDER_20_MIN,34,False,False,
stress_dense_fortnight,t34,Dense task 35,TASK,root,2026-09-22,2026-09-24,,MIN_20_TO_60,35,False,False,
stress_dense_fortnight,t35,Dense task 36,TASK,root,2026-09-23,2026-09-25,,OVER_60_MIN,36,False,False,
stress_dense_fortnight,t36,Dense task 37,TASK,root,2026-09-20,2026-09-26,,UNDER_20_MIN,37,False,False,
stress_dense_fortnight,t37,Dense task 38,TASK,root,2026-09-21,2026-09-27,,MIN_20_TO_60,38,False,False,
stress_dense_fortnight,t38,Dense task 39,TASK,root,2026-09-22,2026-09-28,,OVER_60_MIN,39,False,False,
stress_dense_fortnight,t39,Dense task 40,TASK,root,2026-09-23,2026-09-29,,UNDER_20_MIN,40,False,False,
stress_dense_fortnight,t40,Dense task 41,TASK,root,2026-09-20,2026-09-30,,MIN_20_TO_60,41,False,False,
stress_dense_fortnight,t41,Dense task 42,TASK,root,2026-09-21,2026-10-01,,OVER_60_MIN,42,False,False,
stress_dense_fortnight,t42,Dense task 43,TASK,root,2026-09-22,2026-10-02,,UNDER_20_MIN,43,False,False,
stress_dense_fortnight,t43,Dense task 44,TASK,root,2026-09-23,2026-10-03,,MIN_20_TO_60,44,False,False,
stress_dense_fortnight,t44,Dense task 45,TASK,root,2026-09-20,2026-09-23,,OVER_60_MIN,45,False,False,
stress_dense_fortnight,t45,Dense task 46,TASK,root,2026-09-21,2026-09-24,,UNDER_20_MIN,46,False,False,
stress_dense_fortnight,t46,Dense task 47,TASK,root,2026-09-22,2026-09-25,,MIN_20_TO_60,47,False,False,
stress_dense_fortnight,t47,Dense task 48,TASK,root,2026-09-23,2026-09-26,,OVER_60_MIN,48,False,False,
stress_dense_fortnight,t48,Dense task 49,TASK,root,2026-09-20,2026-09-27,,UNDER_20_MIN,49,False,False,
stress_dense_fortnight,t49,Dense task 50,TASK,root,2026-09-21,2026-09-28,,MIN_20_TO_60,50,False,False,
stress_dense_fortnight,t50,Dense task 51,TASK,root,2026-09-22,2026-09-29,,OVER_60_MIN,51,False,False,
stress_dense_fortnight,t51,Dense task 52,TASK,root,2026-09-23,2026-09-30,,UNDER_20_MIN,52,False,False,
stress_dense_fortnight,t52,Dense task 53,TASK,root,2026-09-20,2026-10-01,,MIN_20_TO_60,53,False,False,
stress_dense_fortnight,t53,Dense task 54,TASK,root,2026-09-21,2026-10-02,,OVER_60_MIN,54,False,False,
stress_dense_fortnight,t54,Dense task 55,TASK,root,2026-09-22,2026-10-03,,UNDER_20_MIN,55,False,False,
stress_dense_fortnight,t55,Dense task 56,TASK,root,2026-09-23,2026-09-23,,MIN_20_TO_60,56,False,False,
stress_dense_fortnight,t56,Dense task 57,TASK,root,2026-09-20,2026-09-24,,OVER_60_MIN,57,False,False,
stress_dense_fortnight,t57,Dense task 58,TASK,root,2026-09-21,2026-09-25,,UNDER_20_MIN,58,False,False,
stress_dense_fortnight,t58,Dense task 59,TASK,root,2026-09-22,2026-09-26,,MIN_20_TO_60,59,False,False,
stress_dense_fortnight,t59,Dense task 60,TASK,root,2026-09-23,2026-09-27,,OVER_60_MIN,60,False,False,
stress_dense_fortnight,t60,Dense task 61,TASK,root,2026-09-20,2026-09-28,,UNDER_20_MIN,61,False,False,
stress_dense_fortnight,t61,Dense task 62,TASK,root,2026-09-21,2026-09-29,,MIN_20_TO_60,62,False,False,
stress_dense_fortnight,t62,Dense task 63,TASK,root,2026-09-22,2026-09-30,,OVER_60_MIN,63,False,False,
stress_dense_fortnight,t63,Dense task 64,TASK,root,2026-09-23,2026-10-01,,UNDER_20_MIN,64,False,False,
stress_dense_fortnight,t64,Dense task 65,TASK,root,2026-09-20,2026-10-02,,MIN_20_TO_60,65,False,False,
stress_dense_fortnight,t65,Dense task 66,TASK,root,2026-09-21,2026-10-03,,OVER_60_MIN,66,False,False,
stress_dense_fortnight,t66,Dense task 67,TASK,root,2026-09-22,2026-09-23,,UNDER_20_MIN,67,False,False,
stress_dense_fortnight,t67,Dense task 68,TASK,root,2026-09-23,2026-09-24,,MIN_20_TO_60,68,False,False,
stress_dense_fortnight,t68,Dense task 69,TASK,root,2026-09-20,2026-09-25,,OVER_60_MIN,69,False,False,
stress_dense_fortnight,t69,Dense task 70,TASK,root,2026-09-21,2026-09-26,,UNDER_20_MIN,70,False,False,
stress_dense_fortnight,t70,Dense task 71,TASK,root,2026-09-22,2026-09-27,,MIN_20_TO_60,71,False,False,
stress_dense_fortnight,t71,Dense task 72,TASK,root,2026-09-23,2026-09-28,,OVER_60_MIN,72,False,False,
stress_dense_fortnight,t72,Dense task 73,TASK,root,2026-09-20,2026-09-29,,UNDER_20_MIN,73,False,False,
stress_dense_fortnight,t73,Dense task 74,TASK,root,2026-09-21,2026-09-30,,MIN_20_TO_60,74,False,False,
stress_dense_fortnight,t74,Dense task 75,TASK,root,2026-09-22,2026-10-01,,OVER_60_MIN,75,False,False,
stress_dense_fortnight,t75,Dense task 76,TASK,root,2026-09-23,2026-10-02,,UNDER_20_MIN,76,False,False,
stress_dense_fortnight,t76,Dense task 77,TASK,root,2026-09-20,2026-10-03,,MIN_20_TO_60,77,False,False,
stress_dense_fortnight,t77,Dense task 78,TASK,root,2026-09-21,2026-09-23,,OVER_60_MIN,78,False,False,
stress_dense_fortnight,t78,Dense task 79,TASK,root,2026-09-22,2026-09-24,,UNDER_20_MIN,79,False,False,
stress_dense_fortnight,t79,Dense task 80,TASK,root,2026-09-23,2026-09-25,,MIN_20_TO_60,80,False,False,
stress_dense_fortnight,t80,Dense task 81,TASK,root,2026-09-20,2026-09-26,,OVER_60_MIN,81,False,False,
stress_dense_fortnight,t81,Dense task 82,TASK,root,2026-09-21,2026-09-27,,UNDER_20_MIN,82,False,False,
stress_dense_fortnight,t82,Dense task 83,TASK,root,2026-09-22,2026-09-28,,MIN_20_TO_60,83,False,False,
stress_dense_fortnight,t83,Dense task 84,TASK,root,2026-09-23,2026-09-29,,OVER_60_MIN,84,False,False,
stress_dense_fortnight,t84,Dense task 85,TASK,root,2026-09-20,2026-09-30,,UNDER_20_MIN,85,False,False,
stress_dense_fortnight,t85,Dense task 86,TASK,root,2026-09-21,2026-10-01,,MIN_20_TO_60,86,False,False,
stress_dense_fortnight,t86,Dense task 87,TASK,root,2026-09-22,2026-10-02,,OVER_60_MIN,87,False,False,
stress_dense_fortnight,t87,Dense task 88,TASK,root,2026-09-23,2026-10-03,,UNDER_20_MIN,88,False,False,
stress_dense_fortnight,t88,Dense task 89,TASK,root,2026-09-20,2026-09-23,,MIN_20_TO_60,89,False,False,
stress_dense_fortnight,t89,Dense task 90,TASK,root,2026-09-21,2026-09-24,,OVER_60_MIN,90,False,False,
stress_dense_fortnight,t90,Dense task 91,TASK,root,2026-09-22,2026-09-25,,UNDER_20_MIN,91,False,False,
stress_dense_fortnight,t91,Dense task 92,TASK,root,2026-09-23,2026-09-26,,MIN_20_TO_60,92,False,False,
stress_dense_fortnight,t92,Dense task 93,TASK,root,2026-09-20,2026-09-27,,OVER_60_MIN,93,False,False,
stress_dense_fortnight,t93,Dense task 94,TASK,root,2026-09-21,2026-09-28,,UNDER_20_MIN,94,False,False,
stress_dense_fortnight,t94,Dense task 95,TASK,root,2026-09-22,2026-09-29,,MIN_20_TO_60,95,False,False,
stress_dense_fortnight,t95,Dense task 96,TASK,root,2026-09-23,2026-09-30,,OVER_60_MIN,96,False,False,
stress_dense_fortnight,t96,Dense task 97,TASK,root,2026-09-20,2026-10-01,,UNDER_20_MIN,97,False,False,
stress_dense_fortnight,t97,Dense task 98,TASK,root,2026-09-21,2026-10-02,,MIN_20_TO_60,98,False,False,
stress_dense_fortnight,t98,Dense task 99,TASK,root,2026-09-22,2026-10-03,,OVER_60_MIN,99,False,False,
stress_dense_fortnight,t99,Dense task 100,TASK,root,2026-09-23,2026-09-23,,UNDER_20_MIN,100,False,False,
stress_sparse_quarter,t0,Sparse task 1,TASK,root,,2026-09-23,,UNDER_20_MIN,1,False,False,
stress_sparse_quarter,t1,Sparse task 2,TASK,root,,2026-09-25,,MIN_20_TO_60,2,False,False,
stress_sparse_quarter,t2,Sparse task 3,TASK,root,,2026-09-27,,OVER_60_MIN,3,False,False,
stress_sparse_quarter,t3,Sparse task 4,TASK,root,,2026-09-29,,UNDER_20_MIN,4,False,False,
stress_sparse_quarter,t4,Sparse task 5,TASK,root,,2026-10-01,,MIN_20_TO_60,5,False,False,
stress_sparse_quarter,t5,Sparse task 6,TASK,root,,2026-10-03,,OVER_60_MIN,6,False,False,
stress_sparse_quarter,t6,Sparse task 7,TASK,root,,2026-10-05,,UNDER_20_MIN,7,False,False,
stress_sparse_quarter,t7,Sparse task 8,TASK,root,,2026-10-07,,MIN_20_TO_60,8,False,False,
stress_sparse_quarter,t8,Sparse task 9,TASK,root,,2026-10-09,,OVER_60_MIN,9,False,False,
stress_sparse_quarter,t9,Sparse task 10,TASK,root,,2026-10-11,,UNDER_20_MIN,10,False,False,
stress_sparse_quarter,t10,Sparse task 11,TASK,root,,2026-10-13,,MIN_20_TO_60,11,False,False,
stress_sparse_quarter,t11,Sparse task 12,TASK,root,,2026-10-15,,OVER_60_MIN,12,False,False,
stress_sparse_quarter,t12,Sparse task 13,TASK,root,,2026-10-17,,UNDER_20_MIN,13,False,False,
stress_sparse_quarter,t13,Sparse task 14,TASK,root,,2026-10-19,,MIN_20_TO_60,14,False,False,
stress_sparse_quarter,t14,Sparse task 15,TASK,root,,2026-10-21,,OVER_60_MIN,15,False,False,
stress_sparse_quarter,t15,Sparse task 16,TASK,root,,2026-10-23,,UNDER_20_MIN,16,False,False,
stress_sparse_quarter,t16,Sparse task 17,TASK,root,,2026-10-25,,MIN_20_TO_60,17,False,False,
stress_sparse_quarter,t17,Sparse task 18,TASK,root,,2026-10-27,,OVER_60_MIN,18,False,False,
stress_sparse_quarter,t18,Sparse task 19,TASK,root,,2026-10-29,,UNDER_20_MIN,19,False,False,
stress_sparse_quarter,t19,Sparse task 20,TASK,root,,2026-10-31,,MIN_20_TO_60,20,False,False,
stress_sparse_quarter,t20,Sparse task 21,TASK,root,,2026-11-02,,OVER_60_MIN,21,False,False,
stress_sparse_quarter,t21,Sparse task 22,TASK,root,,2026-11-04,,UNDER_20_MIN,22,False,False,
stress_sparse_quarter,t22,Sparse task 23,TASK,root,,2026-11-06,,MIN_20_TO_60,23,False,False,
stress_sparse_quarter,t23,Sparse task 24,TASK,root,,2026-11-08,,OVER_60_MIN,24,False,False,
stress_sparse_quarter,t24,Sparse task 25,TASK,root,,2026-11-10,,UNDER_20_MIN,25,False,False,
stress_sparse_quarter,t25,Sparse task 26,TASK,root,,2026-11-12,,MIN_20_TO_60,26,False,False,
stress_sparse_quarter,t26,Sparse task 27,TASK,root,,2026-11-14,,OVER_60_MIN,27,False,False,
stress_sparse_quarter,t27,Sparse task 28,TASK,root,,2026-11-16,,UNDER_20_MIN,28,False,False,
stress_sparse_quarter,t28,Sparse task 29,TASK,root,,2026-11-18,,MIN_20_TO_60,29,False,False,
stress_sparse_quarter,t29,Sparse task 30,TASK,root,,2026-11-20,,OVER_60_MIN,30,False,False,
stress_sparse_quarter,t30,Sparse task 31,TASK,root,,2026-11-22,,UNDER_20_MIN,31,False,False,
stress_sparse_quarter,t31,Sparse task 32,TASK,root,,2026-11-24,,MIN_20_TO_60,32,False,False,
stress_sparse_quarter,t32,Sparse task 33,TASK,root,,2026-11-26,,OVER_60_MIN,33,False,False,
stress_sparse_quarter,t33,Sparse task 34,TASK,root,,2026-11-28,,UNDER_20_MIN,34,False,False,
stress_sparse_quarter,t34,Sparse task 35,TASK,root,,2026-11-30,,MIN_20_TO_60,35,False,False,
stress_sparse_quarter,t35,Sparse task 36,TASK,root,,2026-12-02,,OVER_60_MIN,36,False,False,
stress_sparse_quarter,t36,Sparse task 37,TASK,root,,2026-12-04,,UNDER_20_MIN,37,False,False,
stress_sparse_quarter,t37,Sparse task 38,TASK,root,,2026-12-06,,MIN_20_TO_60,38,False,False,
stress_sparse_quarter,t38,Sparse task 39,TASK,root,,2026-12-08,,OVER_60_MIN,39,False,False,
stress_sparse_quarter,t39,Sparse task 40,TASK,root,,2026-12-10,,UNDER_20_MIN,40,False,False,
stress_sparse_quarter,t40,Sparse task 41,TASK,root,,2026-12-12,,MIN_20_TO_60,41,False,False,
stress_sparse_quarter,t41,Sparse task 42,TASK,root,,2026-12-14,,OVER_60_MIN,42,False,False,
stress_sparse_quarter,t42,Sparse task 43,TASK,root,,2026-12-16,,UNDER_20_MIN,43,False,False,
stress_sparse_quarter,t43,Sparse task 44,TASK,root,,2026-12-18,,MIN_20_TO_60,44,False,False,
stress_sparse_quarter,t44,Sparse task 45,TASK,root,,2026-12-20,,OVER_60_MIN,45,False,False,
stress_priority_ties,t0,Tied-priority task 1,TASK,root,,2026-09-25,,MIN_20_TO_60,1,False,False,
stress_priority_ties,t1,Tied-priority task 2,TASK,root,,2026-09-26,,MIN_20_TO_60,1,False,False,
stress_priority_ties,t2,Tied-priority task 3,TASK,root,,2026-09-27,,MIN_20_TO_60,1,False,False,
stress_priority_ties,t3,Tied-priority task 4,TASK,root,,2026-09-28,,MIN_20_TO_60,1,False,False,
stress_priority_ties,t4,Tied-priority task 5,TASK,root,,2026-09-29,,MIN_20_TO_60,1,False,False,
stress_priority_ties,t5,Tied-priority task 6,TASK,root,,2026-09-30,,MIN_20_TO_60,1,False,False,
stress_priority_ties,t6,Tied-priority task 7,TASK,root,,2026-10-01,,MIN_20_TO_60,1,False,False,
stress_priority_ties,t7,Tied-priority task 8,TASK,root,,2026-10-02,,MIN_20_TO_60,1,False,False,
stress_priority_ties,t8,Tied-priority task 9,TASK,root,,2026-10-03,,MIN_20_TO_60,1,False,False,
stress_priority_ties,t9,Tied-priority task 10,TASK,root,,2026-10-04,,MIN_20_TO_60,1,False,False,
stress_priority_ties,t10,Tied-priority task 11,TASK,root,,2026-10-05,,MIN_20_TO_60,1,False,False,
stress_priority_ties,t11,Tied-priority task 12,TASK,root,,2026-10-06,,MIN_20_TO_60,1,False,False,
stress_priority_ties,t12,Tied-priority task 13,TASK,root,,2026-10-07,,MIN_20_TO_60,1,False,False,
stress_priority_ties,t13,Tied-priority task 14,TASK,root,,2026-10-08,,MIN_20_TO_60,1,False,False,
stress_priority_ties,t14,Tied-priority task 15,TASK,root,,2026-10-09,,MIN_20_TO_60,1,False,False,
stress_priority_ties,t15,Tied-priority task 16,TASK,root,,2026-09-25,,MIN_20_TO_60,1,False,False,
stress_priority_ties,t16,Tied-priority task 17,TASK,root,,2026-09-26,,MIN_20_TO_60,1,False,False,
stress_priority_ties,t17,Tied-priority task 18,TASK,root,,2026-09-27,,MIN_20_TO_60,1,False,False,
stress_priority_ties,t18,Tied-priority task 19,TASK,root,,2026-09-28,,MIN_20_TO_60,1,False,False,
stress_priority_ties,t19,Tied-priority task 20,TASK,root,,2026-09-29,,MIN_20_TO_60,1,False,False,
stress_priority_ties,t20,Tied-priority task 21,TASK,root,,2026-09-30,,MIN_20_TO_60,1,False,False,
stress_priority_ties,t21,Tied-priority task 22,TASK,root,,2026-10-01,,MIN_20_TO_60,1,False,False,
stress_priority_ties,t22,Tied-priority task 23,TASK,root,,2026-10-02,,MIN_20_TO_60,1,False,False,
stress_priority_ties,t23,Tied-priority task 24,TASK,root,,2026-10-03,,MIN_20_TO_60,1,False,False,
stress_priority_ties,t24,Tied-priority task 25,TASK,root,,2026-10-04,,MIN_20_TO_60,1,False,False,
stress_priority_ties,t25,Tied-priority task 26,TASK,root,,2026-10-05,,MIN_20_TO_60,1,False,False,
stress_priority_ties,t26,Tied-priority task 27,TASK,root,,2026-10-06,,MIN_20_TO_60,1,False,False,
stress_priority_ties,t27,Tied-priority task 28,TASK,root,,2026-10-07,,MIN_20_TO_60,1,False,False,
stress_priority_ties,t28,Tied-priority task 29,TASK,root,,2026-10-08,,MIN_20_TO_60,1,False,False,
stress_priority_ties,t29,Tied-priority task 30,TASK,root,,2026-10-09,,MIN_20_TO_60,1,False,False,
stress_priority_ties,t30,Tied-priority task 31,TASK,root,,2026-09-25,,MIN_20_TO_60,1,False,False,
stress_priority_ties,t31,Tied-priority task 32,TASK,root,,2026-09-26,,MIN_20_TO_60,1,False,False,
stress_priority_ties,t32,Tied-priority task 33,TASK,root,,2026-09-27,,MIN_20_TO_60,1,False,False,
stress_priority_ties,t33,Tied-priority task 34,TASK,root,,2026-09-28,,MIN_20_TO_60,1,False,False,
stress_priority_ties,t34,Tied-priority task 35,TASK,root,,2026-09-29,,MIN_20_TO_60,1,False,False,
stress_priority_ties,t35,Tied-priority task 36,TASK,root,,2026-09-30,,MIN_20_TO_60,1,False,False,
stress_priority_ties,t36,Tied-priority task 37,TASK,root,,2026-10-01,,MIN_20_TO_60,1,False,False,
stress_priority_ties,t37,Tied-priority task 38,TASK,root,,2026-10-02,,MIN_20_TO_60,1,False,False,
stress_priority_ties,t38,Tied-priority task 39,TASK,root,,2026-10-03,,MIN_20_TO_60,1,False,False,
stress_priority_ties,t39,Tied-priority task 40,TASK,root,,2026-10-04,,MIN_20_TO_60,1,False,False,
stress_priority_ties,t40,Tied-priority task 41,TASK,root,,2026-10-05,,MIN_20_TO_60,1,False,False,
stress_priority_ties,t41,Tied-priority task 42,TASK,root,,2026-10-06,,MIN_20_TO_60,1,False,False,
stress_priority_ties,t42,Tied-priority task 43,TASK,root,,2026-10-07,,MIN_20_TO_60,1,False,False,
stress_priority_ties,t43,Tied-priority task 44,TASK,root,,2026-10-08,,MIN_20_TO_60,1,False,False,
stress_priority_ties,t44,Tied-priority task 45,TASK,root,,2026-10-09,,MIN_20_TO_60,1,False,False,
stress_priority_ties,t45,Tied-priority task 46,TASK,root,,2026-09-25,,MIN_20_TO_60,1,False,False,
stress_priority_ties,t46,Tied-priority task 47,TASK,root,,2026-09-26,,MIN_20_TO_60,1,False,False,
stress_priority_ties,t47,Tied-priority task 48,TASK,root,,2026-09-27,,MIN_20_TO_60,1,False,False,
stress_priority_ties,t48,Tied-priority task 49,TASK,root,,2026-09-28,,MIN_20_TO_60,1,False,False,
stress_priority_ties,t49,Tied-priority task 50,TASK,root,,2026-09-29,,MIN_20_TO_60,1,False,False,
stress_priority_ties,t50,Tied-priority task 51,TASK,root,,2026-09-30,,MIN_20_TO_60,1,False,False,
stress_priority_ties,t51,Tied-priority task 52,TASK,root,,2026-10-01,,MIN_20_TO_60,1,False,False,
stress_priority_ties,t52,Tied-priority task 53,TASK,root,,2026-10-02,,MIN_20_TO_60,1,False,False,
stress_priority_ties,t53,Tied-priority task 54,TASK,root,,2026-10-03,,MIN_20_TO_60,1,False,False,
stress_priority_ties,t54,Tied-priority task 55,TASK,root,,2026-10-04,,MIN_20_TO_60,1,False,False,
stress_priority_ties,t55,Tied-priority task 56,TASK,root,,2026-10-05,,MIN_20_TO_60,1,False,False,
stress_priority_ties,t56,Tied-priority task 57,TASK,root,,2026-10-06,,MIN_20_TO_60,1,False,False,
stress_priority_ties,t57,Tied-priority task 58,TASK,root,,2026-10-07,,MIN_20_TO_60,1,False,False,
stress_priority_ties,t58,Tied-priority task 59,TASK,root,,2026-10-08,,MIN_20_TO_60,1,False,False,
stress_priority_ties,t59,Tied-priority task 60,TASK,root,,2026-10-09,,MIN_20_TO_60,1,False,False,
stress_many_anchors,t0,Anchored task 1,TASK,root,,2026-09-25,2026-09-20,MIN_20_TO_60,1,False,True,
stress_many_anchors,t1,Anchored task 2,TASK,root,,2026-09-26,2026-09-21,MIN_20_TO_60,2,False,True,
stress_many_anchors,t2,Anchored task 3,TASK,root,,2026-09-27,2026-09-22,MIN_20_TO_60,3,False,True,
stress_many_anchors,t3,Anchored task 4,TASK,root,,2026-09-28,2026-09-23,MIN_20_TO_60,4,False,True,
stress_many_anchors,t4,Anchored task 5,TASK,root,,2026-09-29,2026-09-24,MIN_20_TO_60,5,False,True,
stress_many_anchors,t5,Anchored task 6,TASK,root,,2026-09-30,2026-09-25,MIN_20_TO_60,6,False,True,
stress_many_anchors,t6,Anchored task 7,TASK,root,,2026-10-01,2026-09-26,MIN_20_TO_60,7,False,True,
stress_many_anchors,t7,Anchored task 8,TASK,root,,2026-10-02,2026-09-27,MIN_20_TO_60,8,False,True,
stress_many_anchors,t8,Anchored task 9,TASK,root,,2026-10-03,2026-09-28,MIN_20_TO_60,9,False,True,
stress_many_anchors,t9,Anchored task 10,TASK,root,,2026-10-04,2026-09-29,MIN_20_TO_60,10,False,True,
stress_many_anchors,t10,Anchored task 11,TASK,root,,2026-09-25,2026-09-20,MIN_20_TO_60,11,False,True,
stress_many_anchors,t11,Anchored task 12,TASK,root,,2026-09-26,2026-09-21,MIN_20_TO_60,12,False,True,
stress_many_anchors,t12,Anchored task 13,TASK,root,,2026-09-27,2026-09-22,MIN_20_TO_60,13,False,True,
stress_many_anchors,t13,Anchored task 14,TASK,root,,2026-09-28,2026-09-23,MIN_20_TO_60,14,False,True,
stress_many_anchors,t14,Anchored task 15,TASK,root,,2026-09-29,2026-09-24,MIN_20_TO_60,15,False,True,
stress_many_anchors,t15,Anchored task 16,TASK,root,,2026-09-30,2026-09-25,MIN_20_TO_60,16,False,True,
stress_many_anchors,t16,Anchored task 17,TASK,root,,2026-10-01,2026-09-26,MIN_20_TO_60,17,False,True,
stress_many_anchors,t17,Anchored task 18,TASK,root,,2026-10-02,2026-09-27,MIN_20_TO_60,18,False,True,
stress_many_anchors,t18,Anchored task 19,TASK,root,,2026-10-03,2026-09-28,MIN_20_TO_60,19,False,True,
stress_many_anchors,t19,Anchored task 20,TASK,root,,2026-10-04,2026-09-29,MIN_20_TO_60,20,False,True,
stress_many_anchors,t20,Anchored task 21,TASK,root,,2026-09-25,2026-09-20,MIN_20_TO_60,21,False,True,
stress_many_anchors,t21,Anchored task 22,TASK,root,,2026-09-26,2026-09-21,MIN_20_TO_60,22,False,True,
stress_many_anchors,t22,Anchored task 23,TASK,root,,2026-09-27,2026-09-22,MIN_20_TO_60,23,False,True,
stress_many_anchors,t23,Anchored task 24,TASK,root,,2026-09-28,2026-09-23,MIN_20_TO_60,24,False,True,
stress_many_anchors,t24,Anchored task 25,TASK,root,,2026-09-29,2026-09-24,MIN_20_TO_60,25,False,True,
stress_many_anchors,t25,Anchored task 26,TASK,root,,2026-09-30,2026-09-25,MIN_20_TO_60,26,False,True,
stress_many_anchors,t26,Anchored task 27,TASK,root,,2026-10-01,2026-09-26,MIN_20_TO_60,27,False,True,
stress_many_anchors,t27,Anchored task 28,TASK,root,,2026-10-02,2026-09-27,MIN_20_TO_60,28,False,True,
stress_many_anchors,t28,Anchored task 29,TASK,root,,2026-10-03,2026-09-28,MIN_20_TO_60,29,False,True,
stress_many_anchors,t29,Anchored task 30,TASK,root,,2026-10-04,2026-09-29,MIN_20_TO_60,30,False,True,
stress_deep_hierarchy,level_0,Hierarchy level 1,TASK,root,,2026-10-20,,MIN_20_TO_60,1,False,False,
stress_deep_hierarchy,level_1,Hierarchy level 2,TASK,level_0,,2026-10-20,,MIN_20_TO_60,2,False,False,
stress_deep_hierarchy,level_2,Hierarchy level 3,TASK,level_1,,2026-10-20,,MIN_20_TO_60,3,False,False,
stress_deep_hierarchy,level_3,Hierarchy level 4,TASK,level_2,,2026-10-20,,MIN_20_TO_60,4,False,False,
stress_deep_hierarchy,level_4,Hierarchy level 5,TASK,level_3,,2026-10-20,,MIN_20_TO_60,5,False,False,
stress_deep_hierarchy,level_5,Hierarchy level 6,TASK,level_4,,2026-10-20,,MIN_20_TO_60,6,False,False,
stress_deep_hierarchy,level_6,Hierarchy level 7,TASK,level_5,,2026-10-20,,MIN_20_TO_60,7,False,False,
stress_deep_hierarchy,level_7,Hierarchy level 8,TASK,level_6,,2026-10-20,,MIN_20_TO_60,8,False,False,
stress_deep_hierarchy,level_8,Hierarchy level 9,TASK,level_7,,2026-10-20,,MIN_20_TO_60,9,False,False,
stress_deep_hierarchy,level_9,Hierarchy level 10,TASK,level_8,,2026-10-20,,MIN_20_TO_60,10,False,False,
stress_deep_hierarchy,level_10,Hierarchy level 11,TASK,level_9,,2026-10-20,,MIN_20_TO_60,11,False,False,
stress_deep_hierarchy,level_11,Hierarchy level 12,TASK,level_10,,2026-10-20,,MIN_20_TO_60,12,False,False,
stress_deep_hierarchy,level_12,Hierarchy level 13,TASK,level_11,,2026-10-20,,MIN_20_TO_60,13,False,False,
stress_deep_hierarchy,level_13,Hierarchy level 14,TASK,level_12,,2026-10-20,,MIN_20_TO_60,14,False,False,
stress_deep_hierarchy,level_14,Hierarchy level 15,TASK,level_13,,2026-10-20,,MIN_20_TO_60,15,False,False,
stress_deep_hierarchy,level_15,Hierarchy level 16,TASK,level_14,,2026-10-20,,MIN_20_TO_60,16,False,False,
stress_deep_hierarchy,level_16,Hierarchy level 17,TASK,level_15,,2026-10-20,,MIN_20_TO_60,17,False,False,
stress_deep_hierarchy,level_17,Hierarchy level 18,TASK,level_16,,2026-10-20,,MIN_20_TO_60,18,False,False,
stress_deep_hierarchy,level_18,Hierarchy level 19,TASK,level_17,,2026-10-20,,MIN_20_TO_60,19,False,False,
stress_deep_hierarchy,level_19,Hierarchy level 20,TASK,level_18,,2026-10-20,,MIN_20_TO_60,20,False,False,
stress_deep_hierarchy,level_20,Hierarchy level 21,TASK,level_19,,2026-10-20,,MIN_20_TO_60,21,False,False,
stress_deep_hierarchy,level_21,Hierarchy level 22,TASK,level_20,,2026-10-20,,MIN_20_TO_60,22,False,False,
stress_deep_hierarchy,level_22,Hierarchy level 23,TASK,level_21,,2026-10-20,,MIN_20_TO_60,23,False,False,
stress_deep_hierarchy,level_23,Hierarchy level 24,TASK,level_22,,2026-10-20,,MIN_20_TO_60,24,False,False,
stress_deep_hierarchy,level_24,Hierarchy level 25,TASK,level_23,,2026-10-20,,MIN_20_TO_60,25,False,False,
stress_deep_hierarchy,level_25,Hierarchy level 26,TASK,level_24,,2026-10-20,,MIN_20_TO_60,26,False,False,
stress_deep_hierarchy,level_26,Hierarchy level 27,TASK,level_25,,2026-10-20,,MIN_20_TO_60,27,False,False,
stress_deep_hierarchy,level_27,Hierarchy level 28,TASK,level_26,,2026-10-20,,MIN_20_TO_60,28,False,False,
stress_deep_hierarchy,level_28,Hierarchy level 29,TASK,level_27,,2026-10-20,,MIN_20_TO_60,29,False,False,
stress_deep_hierarchy,level_29,Hierarchy level 30,TASK,level_28,,2026-10-20,,MIN_20_TO_60,30,False,False,
stress_impossible_capacity,t0,Capacity task 1,TASK,root,2026-09-20,2026-09-24,,OVER_60_MIN,1,False,False,
stress_impossible_capacity,t1,Capacity task 2,TASK,root,2026-09-20,2026-09-24,,OVER_60_MIN,2,False,False,
stress_impossible_capacity,t2,Capacity task 3,TASK,root,2026-09-20,2026-09-24,,OVER_60_MIN,3,False,False,
stress_impossible_capacity,t3,Capacity task 4,TASK,root,2026-09-20,2026-09-24,,OVER_60_MIN,4,False,False,
stress_impossible_capacity,t4,Capacity task 5,TASK,root,2026-09-20,2026-09-24,,OVER_60_MIN,5,False,False,
stress_impossible_capacity,t5,Capacity task 6,TASK,root,2026-09-20,2026-09-24,,OVER_60_MIN,6,False,False,
stress_impossible_capacity,t6,Capacity task 7,TASK,root,2026-09-20,2026-09-24,,OVER_60_MIN,7,False,False,
stress_impossible_capacity,t7,Capacity task 8,TASK,root,2026-09-20,2026-09-24,,OVER_60_MIN,8,False,False,
stress_impossible_capacity,t8,Capacity task 9,TASK,root,2026-09-20,2026-09-24,,OVER_60_MIN,9,False,False,
stress_impossible_capacity,t9,Capacity task 10,TASK,root,2026-09-20,2026-09-24,,OVER_60_MIN,10,False,False,
stress_impossible_capacity,t10,Capacity task 11,TASK,root,2026-09-20,2026-09-24,,OVER_60_MIN,11,False,False,
stress_impossible_capacity,t11,Capacity task 12,TASK,root,2026-09-20,2026-09-24,,OVER_60_MIN,12,False,False,
stress_impossible_capacity,t12,Capacity task 13,TASK,root,2026-09-20,2026-09-24,,OVER_60_MIN,13,False,False,
stress_impossible_capacity,t13,Capacity task 14,TASK,root,2026-09-20,2026-09-24,,OVER_60_MIN,14,False,False,
stress_impossible_capacity,t14,Capacity task 15,TASK,root,2026-09-20,2026-09-24,,OVER_60_MIN,15,False,False,
stress_impossible_capacity,t15,Capacity task 16,TASK,root,2026-09-20,2026-09-24,,OVER_60_MIN,16,False,False,
stress_impossible_capacity,t16,Capacity task 17,TASK,root,2026-09-20,2026-09-24,,OVER_60_MIN,17,False,False,
stress_impossible_capacity,t17,Capacity task 18,TASK,root,2026-09-20,2026-09-24,,OVER_60_MIN,18,False,False,
stress_impossible_capacity,t18,Capacity task 19,TASK,root,2026-09-20,2026-09-24,,OVER_60_MIN,19,False,False,
stress_impossible_capacity,t19,Capacity task 20,TASK,root,2026-09-20,2026-09-24,,OVER_60_MIN,20,False,False,
stress_impossible_capacity,t20,Capacity task 21,TASK,root,2026-09-20,2026-09-24,,OVER_60_MIN,21,False,False,
stress_impossible_capacity,t21,Capacity task 22,TASK,root,2026-09-20,2026-09-24,,OVER_60_MIN,22,False,False,
stress_impossible_capacity,t22,Capacity task 23,TASK,root,2026-09-20,2026-09-24,,OVER_60_MIN,23,False,False,
stress_impossible_capacity,t23,Capacity task 24,TASK,root,2026-09-20,2026-09-24,,OVER_60_MIN,24,False,False,
stress_impossible_capacity,t24,Capacity task 25,TASK,root,2026-09-20,2026-09-24,,OVER_60_MIN,25,False,False,
stress_impossible_capacity,t25,Capacity task 26,TASK,root,2026-09-20,2026-09-24,,OVER_60_MIN,26,False,False,
stress_impossible_capacity,t26,Capacity task 27,TASK,root,2026-09-20,2026-09-24,,OVER_60_MIN,27,False,False,
stress_impossible_capacity,t27,Capacity task 28,TASK,root,2026-09-20,2026-09-24,,OVER_60_MIN,28,False,False,
stress_impossible_capacity,t28,Capacity task 29,TASK,root,2026-09-20,2026-09-24,,OVER_60_MIN,29,False,False,
stress_impossible_capacity,t29,Capacity task 30,TASK,root,2026-09-20,2026-09-24,,OVER_60_MIN,30,False,False,
stress_impossible_capacity,t30,Capacity task 31,TASK,root,2026-09-20,2026-09-24,,OVER_60_MIN,31,False,False,
stress_impossible_capacity,t31,Capacity task 32,TASK,root,2026-09-20,2026-09-24,,OVER_60_MIN,32,False,False,
stress_impossible_capacity,t32,Capacity task 33,TASK,root,2026-09-20,2026-09-24,,OVER_60_MIN,33,False,False,
stress_impossible_capacity,t33,Capacity task 34,TASK,root,2026-09-20,2026-09-24,,OVER_60_MIN,34,False,False,
stress_impossible_capacity,t34,Capacity task 35,TASK,root,2026-09-20,2026-09-24,,OVER_60_MIN,35,False,False,
stress_impossible_capacity,t35,Capacity task 36,TASK,root,2026-09-20,2026-09-24,,OVER_60_MIN,36,False,False,
stress_impossible_capacity,t36,Capacity task 37,TASK,root,2026-09-20,2026-09-24,,OVER_60_MIN,37,False,False,
stress_impossible_capacity,t37,Capacity task 38,TASK,root,2026-09-20,2026-09-24,,OVER_60_MIN,38,False,False,
stress_impossible_capacity,t38,Capacity task 39,TASK,root,2026-09-20,2026-09-24,,OVER_60_MIN,39,False,False,
stress_impossible_capacity,t39,Capacity task 40,TASK,root,2026-09-20,2026-09-24,,OVER_60_MIN,40,False,False,
stress_impossible_capacity,t40,Capacity task 41,TASK,root,2026-09-20,2026-09-24,,OVER_60_MIN,41,False,False,
stress_impossible_capacity,t41,Capacity task 42,TASK,root,2026-09-20,2026-09-24,,OVER_60_MIN,42,False,False,
stress_impossible_capacity,t42,Capacity task 43,TASK,root,2026-09-20,2026-09-24,,OVER_60_MIN,43,False,False,
stress_impossible_capacity,t43,Capacity task 44,TASK,root,2026-09-20,2026-09-24,,OVER_60_MIN,44,False,False,
stress_impossible_capacity,t44,Capacity task 45,TASK,root,2026-09-20,2026-09-24,,OVER_60_MIN,45,False,False,
stress_impossible_capacity,t45,Capacity task 46,TASK,root,2026-09-20,2026-09-24,,OVER_60_MIN,46,False,False,
stress_impossible_capacity,t46,Capacity task 47,TASK,root,2026-09-20,2026-09-24,,OVER_60_MIN,47,False,False,
stress_impossible_capacity,t47,Capacity task 48,TASK,root,2026-09-20,2026-09-24,,OVER_60_MIN,48,False,False,
stress_impossible_capacity,t48,Capacity task 49,TASK,root,2026-09-20,2026-09-24,,OVER_60_MIN,49,False,False,
stress_impossible_capacity,t49,Capacity task 50,TASK,root,2026-09-20,2026-09-24,,OVER_60_MIN,50,False,False,
stress_impossible_capacity,t50,Capacity task 51,TASK,root,2026-09-20,2026-09-24,,OVER_60_MIN,51,False,False,
stress_impossible_capacity,t51,Capacity task 52,TASK,root,2026-09-20,2026-09-24,,OVER_60_MIN,52,False,False,
stress_impossible_capacity,t52,Capacity task 53,TASK,root,2026-09-20,2026-09-24,,OVER_60_MIN,53,False,False,
stress_impossible_capacity,t53,Capacity task 54,TASK,root,2026-09-20,2026-09-24,,OVER_60_MIN,54,False,False,
stress_impossible_capacity,t54,Capacity task 55,TASK,root,2026-09-20,2026-09-24,,OVER_60_MIN,55,False,False,
stress_impossible_capacity,t55,Capacity task 56,TASK,root,2026-09-20,2026-09-24,,OVER_60_MIN,56,False,False,
stress_impossible_capacity,t56,Capacity task 57,TASK,root,2026-09-20,2026-09-24,,OVER_60_MIN,57,False,False,
stress_impossible_capacity,t57,Capacity task 58,TASK,root,2026-09-20,2026-09-24,,OVER_60_MIN,58,False,False,
stress_impossible_capacity,t58,Capacity task 59,TASK,root,2026-09-20,2026-09-24,,OVER_60_MIN,59,False,False,
stress_impossible_capacity,t59,Capacity task 60,TASK,root,2026-09-20,2026-09-24,,OVER_60_MIN,60,False,False,
stress_impossible_capacity,t60,Capacity task 61,TASK,root,2026-09-20,2026-09-24,,OVER_60_MIN,61,False,False,
stress_impossible_capacity,t61,Capacity task 62,TASK,root,2026-09-20,2026-09-24,,OVER_60_MIN,62,False,False,
stress_impossible_capacity,t62,Capacity task 63,TASK,root,2026-09-20,2026-09-24,,OVER_60_MIN,63,False,False,
stress_impossible_capacity,t63,Capacity task 64,TASK,root,2026-09-20,2026-09-24,,OVER_60_MIN,64,False,False,
stress_impossible_capacity,t64,Capacity task 65,TASK,root,2026-09-20,2026-09-24,,OVER_60_MIN,65,False,False,
stress_impossible_capacity,t65,Capacity task 66,TASK,root,2026-09-20,2026-09-24,,OVER_60_MIN,66,False,False,
stress_impossible_capacity,t66,Capacity task 67,TASK,root,2026-09-20,2026-09-24,,OVER_60_MIN,67,False,False,
stress_impossible_capacity,t67,Capacity task 68,TASK,root,2026-09-20,2026-09-24,,OVER_60_MIN,68,False,False,
stress_impossible_capacity,t68,Capacity task 69,TASK,root,2026-09-20,2026-09-24,,OVER_60_MIN,69,False,False,
stress_impossible_capacity,t69,Capacity task 70,TASK,root,2026-09-20,2026-09-24,,OVER_60_MIN,70,False,False,
stress_impossible_capacity,t70,Capacity task 71,TASK,root,2026-09-20,2026-09-24,,OVER_60_MIN,71,False,False,
stress_impossible_capacity,t71,Capacity task 72,TASK,root,2026-09-20,2026-09-24,,OVER_60_MIN,72,False,False,
stress_impossible_capacity,t72,Capacity task 73,TASK,root,2026-09-20,2026-09-24,,OVER_60_MIN,73,False,False,
stress_impossible_capacity,t73,Capacity task 74,TASK,root,2026-09-20,2026-09-24,,OVER_60_MIN,74,False,False,
stress_impossible_capacity,t74,Capacity task 75,TASK,root,2026-09-20,2026-09-24,,OVER_60_MIN,75,False,False,
stress_impossible_capacity,t75,Capacity task 76,TASK,root,2026-09-20,2026-09-24,,OVER_60_MIN,76,False,False,
stress_impossible_capacity,t76,Capacity task 77,TASK,root,2026-09-20,2026-09-24,,OVER_60_MIN,77,False,False,
stress_impossible_capacity,t77,Capacity task 78,TASK,root,2026-09-20,2026-09-24,,OVER_60_MIN,78,False,False,
stress_impossible_capacity,t78,Capacity task 79,TASK,root,2026-09-20,2026-09-24,,OVER_60_MIN,79,False,False,
stress_impossible_capacity,t79,Capacity task 80,TASK,root,2026-09-20,2026-09-24,,OVER_60_MIN,80,False,False,
random_1001,r0,Random Root 1,GOAL,,,,,MIN_20_TO_60,,False,False,
random_1001,r1,Random Root 2,GOAL,,,,,MIN_20_TO_60,,False,False,
random_1001,r2,Random Root 3,GOAL,,,,,MIN_20_TO_60,,False,False,
random_1001,t0,Random task 1,TASK,r0,,2026-10-15,,MIN_20_TO_60,37,False,False,random
random_1001,t1,Random task 2,TASK,r1,,2026-10-03,2026-10-01,UNDER_20_MIN,48,False,True,random
random_1001,t2,Random task 3,TASK,r2,,,,OVER_60_MIN,10,True,False,random
random_1001,t3,Random task 4,TASK,r0,,2026-10-17,,UNDER_20_MIN,17,False,False,random
random_1001,t4,Random task 5,TASK,r0,2026-10-02,2026-10-08,,UNDER_20_MIN,10,False,False,random
random_1001,t5,Random task 6,TASK,r2,2026-10-03,2026-10-25,,UNDER_20_MIN,57,False,False,random
random_1001,t6,Random task 7,TASK,r0,2026-10-03,,,UNDER_20_MIN,34,False,False,random
random_1001,t7,Random task 8,TASK,r0,,2026-10-05,,MIN_20_TO_60,47,False,False,random
random_1001,t8,Random task 9,TASK,r1,2026-09-24,2026-10-04,,MIN_20_TO_60,53,False,False,random
random_1001,t9,Random task 10,TASK,r0,,2026-09-22,,UNDER_20_MIN,54,False,False,random
random_1001,t10,Random task 11,TASK,r1,2026-10-09,2026-10-31,2026-10-23,MIN_20_TO_60,17,False,True,random
random_1001,t11,Random task 12,TASK,r1,2026-09-29,,,MIN_20_TO_60,53,False,False,random
random_1001,t12,Random task 13,TASK,r1,2026-09-25,2026-09-30,,MIN_20_TO_60,56,False,False,random
random_1001,t13,Random task 14,TASK,r0,2026-09-23,,,UNDER_20_MIN,5,False,False,random
random_1001,t14,Random task 15,TASK,r1,2026-10-08,2026-10-16,,UNDER_20_MIN,51,False,False,random
random_1001,t15,Random task 16,TASK,r0,,2026-09-25,,UNDER_20_MIN,48,False,False,random
random_1001,t16,Random task 17,TASK,r1,2026-10-09,2026-10-14,,OVER_60_MIN,29,False,False,random
random_1001,t17,Random task 18,TASK,r0,,2026-10-21,,MIN_20_TO_60,47,False,False,random
random_1001,t18,Random task 19,TASK,r0,2026-09-24,2026-10-25,,OVER_60_MIN,57,False,False,random
random_1001,t19,Random task 20,TASK,r2,2026-10-01,2026-11-04,,UNDER_20_MIN,13,False,False,random
random_1001,t20,Random task 21,TASK,r1,2026-09-28,2026-10-23,,UNDER_20_MIN,40,False,False,random
random_1001,t21,Random task 22,TASK,r2,2026-10-09,2026-10-26,2026-10-18,OVER_60_MIN,33,False,True,random
random_1001,t22,Random task 23,TASK,r1,2026-09-29,2026-10-10,,OVER_60_MIN,47,False,False,random
random_1001,t23,Random task 24,TASK,r1,2026-10-09,2026-10-13,,UNDER_20_MIN,53,False,False,random
random_1001,t24,Random task 25,TASK,r2,2026-10-09,2026-10-25,,OVER_60_MIN,38,False,False,random
random_1001,t25,Random task 26,TASK,r0,2026-10-10,2026-10-17,,OVER_60_MIN,57,False,False,random
random_1001,t26,Random task 27,TASK,r0,2026-09-25,,,UNDER_20_MIN,5,False,False,random
random_1001,t27,Random task 28,TASK,r1,,2026-09-23,,UNDER_20_MIN,57,False,False,random
random_1001,t28,Random task 29,TASK,r1,2026-09-30,2026-10-19,,MIN_20_TO_60,34,False,False,random
random_1001,t29,Random task 30,TASK,r2,,2026-10-15,,UNDER_20_MIN,12,False,False,random
random_1001,t30,Random task 31,TASK,r2,2026-09-23,2026-10-14,,OVER_60_MIN,33,True,False,random
random_1001,t31,Random task 32,TASK,r0,,2026-09-25,,UNDER_20_MIN,38,False,False,random
random_1001,t32,Random task 33,TASK,r2,,2026-09-22,,MIN_20_TO_60,41,False,False,random
random_1001,t33,Random task 34,TASK,r0,2026-10-06,,,OVER_60_MIN,7,False,False,random
random_1001,t34,Random task 35,TASK,r1,,,,UNDER_20_MIN,52,False,False,random
random_1001,t35,Random task 36,TASK,r2,2026-09-24,2026-10-17,2026-10-02,OVER_60_MIN,29,False,True,random
random_1001,t36,Random task 37,TASK,r0,,2026-10-16,,OVER_60_MIN,30,False,False,random
random_1001,t37,Random task 38,TASK,r0,,2026-09-22,,OVER_60_MIN,54,False,False,random
random_1001,t38,Random task 39,TASK,r1,2026-10-07,2026-10-22,,OVER_60_MIN,27,False,False,random
random_1001,t39,Random task 40,TASK,r2,,,,MIN_20_TO_60,19,False,False,random
random_1001,t40,Random task 41,TASK,r2,2026-10-05,2026-11-03,,MIN_20_TO_60,38,False,False,random
random_1001,t41,Random task 42,TASK,r0,2026-09-24,2026-10-09,,UNDER_20_MIN,43,False,False,random
random_1001,t42,Random task 43,TASK,r1,2026-09-23,,,MIN_20_TO_60,38,True,False,random
random_1001,t43,Random task 44,TASK,r0,2026-09-24,,,UNDER_20_MIN,21,False,False,random
random_1001,t44,Random task 45,TASK,r1,,,2026-09-29,MIN_20_TO_60,32,True,True,random
random_1001,t45,Random task 46,TASK,r0,2026-10-04,2026-10-14,,OVER_60_MIN,38,False,False,random
random_1001,t46,Random task 47,TASK,r0,2026-09-28,2026-10-17,,UNDER_20_MIN,53,False,False,random
random_1001,t47,Random task 48,TASK,r2,2026-10-03,2026-10-11,2026-10-10,OVER_60_MIN,54,False,True,random
random_1001,t48,Random task 49,TASK,r0,,2026-10-11,,UNDER_20_MIN,57,False,False,random
random_1001,t49,Random task 50,TASK,r2,2026-09-24,2026-10-25,,MIN_20_TO_60,27,False,False,random
random_1001,t50,Random task 51,TASK,r1,2026-09-25,2026-10-21,,UNDER_20_MIN,56,False,False,random
random_1001,t51,Random task 52,TASK,r2,2026-10-07,2026-10-19,,MIN_20_TO_60,48,False,False,random
random_1001,t52,Random task 53,TASK,r2,2026-10-10,2026-10-16,,UNDER_20_MIN,14,False,False,random
random_1001,t53,Random task 54,TASK,r1,,,,UNDER_20_MIN,2,False,False,random
random_1001,t54,Random task 55,TASK,r2,,2026-10-19,,UNDER_20_MIN,35,False,False,random
random_1001,t55,Random task 56,TASK,r2,2026-10-09,2026-10-15,,OVER_60_MIN,46,False,False,random
random_1001,t56,Random task 57,TASK,r2,2026-09-23,2026-10-24,,MIN_20_TO_60,57,False,False,random
random_1002,r0,Random Root 1,GOAL,,,,,MIN_20_TO_60,,False,False,
random_1002,r1,Random Root 2,GOAL,,,,,MIN_20_TO_60,,False,False,
random_1002,r2,Random Root 3,GOAL,,,,,MIN_20_TO_60,,False,False,
random_1002,r3,Random Root 4,GOAL,,,,,MIN_20_TO_60,,False,False,
random_1002,r4,Random Root 5,GOAL,,,,,MIN_20_TO_60,,False,False,
random_1002,r5,Random Root 6,GOAL,,,,,MIN_20_TO_60,,False,False,
random_1002,t0,Random task 1,TASK,r1,2026-10-05,2026-10-14,,OVER_60_MIN,28,False,False,random
random_1002,t1,Random task 2,TASK,r1,2026-09-21,2026-10-18,,OVER_60_MIN,49,False,False,random
random_1002,t2,Random task 3,TASK,r2,2026-10-10,2026-10-28,,OVER_60_MIN,42,False,False,random
random_1002,t3,Random task 4,TASK,r3,,2026-09-25,,OVER_60_MIN,5,False,False,random
random_1002,t4,Random task 5,TASK,r4,,2026-10-17,,MIN_20_TO_60,52,False,False,random
random_1002,t5,Random task 6,TASK,r1,,2026-09-27,2026-09-20,MIN_20_TO_60,32,False,True,random
random_1002,t6,Random task 7,TASK,r0,2026-09-25,,,UNDER_20_MIN,16,True,False,random
random_1002,t7,Random task 8,TASK,r0,2026-09-30,2026-10-26,,UNDER_20_MIN,13,False,False,random
random_1002,t8,Random task 9,TASK,r0,,2026-09-30,,MIN_20_TO_60,47,False,False,random
random_1002,t9,Random task 10,TASK,r0,,2026-10-12,,OVER_60_MIN,3,False,False,random
random_1002,t10,Random task 11,TASK,r4,,2026-09-26,,OVER_60_MIN,42,False,False,random
random_1002,t11,Random task 12,TASK,r5,,2026-10-10,,UNDER_20_MIN,28,False,False,random
random_1002,t12,Random task 13,TASK,r5,,2026-10-10,,MIN_20_TO_60,43,False,False,random
random_1002,t13,Random task 14,TASK,r2,,2026-09-22,,MIN_20_TO_60,47,False,False,random
random_1002,t14,Random task 15,TASK,r2,,2026-10-10,,MIN_20_TO_60,43,False,False,random
random_1002,t15,Random task 16,TASK,r2,2026-09-22,,,UNDER_20_MIN,11,False,False,random
random_1002,t16,Random task 17,TASK,r0,2026-10-02,2026-10-20,2026-10-15,UNDER_20_MIN,8,False,True,random
random_1002,t17,Random task 18,TASK,r2,,2026-09-26,,UNDER_20_MIN,48,False,False,random
random_1002,t18,Random task 19,TASK,r3,,2026-10-08,,OVER_60_MIN,30,False,False,random
random_1002,t19,Random task 20,TASK,r2,,2026-10-11,,OVER_60_MIN,31,False,False,random
random_1002,t20,Random task 21,TASK,r4,2026-10-08,2026-10-23,,MIN_20_TO_60,49,False,False,random
random_1002,t21,Random task 22,TASK,r3,2026-09-20,2026-10-11,,UNDER_20_MIN,26,False,False,random
random_1002,t22,Random task 23,TASK,r0,,2026-10-19,2026-09-26,MIN_20_TO_60,52,True,True,random
random_1002,t23,Random task 24,TASK,r3,2026-09-22,2026-10-26,2026-10-25,OVER_60_MIN,28,False,True,random
random_1002,t24,Random task 25,TASK,r5,2026-09-29,2026-10-03,,UNDER_20_MIN,43,False,False,random
random_1002,t25,Random task 26,TASK,r4,2026-10-06,,,UNDER_20_MIN,19,False,False,random
random_1002,t26,Random task 27,TASK,r1,2026-10-02,,2026-10-07,UNDER_20_MIN,17,True,True,random
random_1002,t27,Random task 28,TASK,r5,2026-10-06,2026-10-18,,OVER_60_MIN,57,False,False,random
random_1002,t28,Random task 29,TASK,r2,,2026-09-22,2026-09-21,OVER_60_MIN,29,False,True,random
random_1002,t29,Random task 30,TASK,r1,,2026-09-29,,UNDER_20_MIN,4,False,False,random
random_1002,t30,Random task 31,TASK,r0,,2026-10-11,,OVER_60_MIN,55,False,False,random
random_1002,t31,Random task 32,TASK,r4,2026-10-06,,2026-10-17,UNDER_20_MIN,11,False,True,random
random_1002,t32,Random task 33,TASK,r5,2026-10-08,,,MIN_20_TO_60,40,False,False,random
random_1002,t33,Random task 34,TASK,r2,,2026-10-09,,OVER_60_MIN,51,False,False,random
random_1002,t34,Random task 35,TASK,r4,,2026-09-21,,UNDER_20_MIN,5,False,False,random
random_1002,t35,Random task 36,TASK,r2,,2026-10-25,,MIN_20_TO_60,22,False,False,random
random_1002,t36,Random task 37,TASK,r1,2026-09-22,2026-10-13,,UNDER_20_MIN,12,False,False,random
random_1002,t37,Random task 38,TASK,r2,2026-10-06,2026-10-15,,OVER_60_MIN,17,False,False,random
random_1002,t38,Random task 39,TASK,r0,,,,UNDER_20_MIN,24,False,False,random
random_1002,t39,Random task 40,TASK,r0,2026-09-27,2026-10-27,,MIN_20_TO_60,41,False,False,random
random_1002,t40,Random task 41,TASK,r3,2026-09-30,,,UNDER_20_MIN,56,False,False,random
random_1002,t41,Random task 42,TASK,r4,,2026-10-08,,UNDER_20_MIN,35,False,False,random
random_1002,t42,Random task 43,TASK,r0,2026-10-06,2026-11-04,,OVER_60_MIN,11,False,False,random
random_1002,t43,Random task 44,TASK,r0,2026-10-05,2026-10-14,,MIN_20_TO_60,58,False,False,random
random_1002,t44,Random task 45,TASK,r2,,,,UNDER_20_MIN,42,False,False,random
random_1002,t45,Random task 46,TASK,r3,,2026-09-29,,OVER_60_MIN,1,True,False,random
random_1002,t46,Random task 47,TASK,r4,,2026-10-12,,UNDER_20_MIN,20,False,False,random
random_1002,t47,Random task 48,TASK,r5,,,,UNDER_20_MIN,52,False,False,random
random_1002,t48,Random task 49,TASK,r4,,2026-10-13,,MIN_20_TO_60,36,False,False,random
random_1002,t49,Random task 50,TASK,r1,2026-09-24,,,OVER_60_MIN,58,False,False,random
random_1002,t50,Random task 51,TASK,r3,2026-09-29,2026-10-09,,OVER_60_MIN,2,False,False,random
random_1002,t51,Random task 52,TASK,r5,2026-09-29,2026-10-07,,OVER_60_MIN,17,False,False,random
random_1002,t52,Random task 53,TASK,r3,,2026-09-28,,OVER_60_MIN,22,False,False,random
random_1002,t53,Random task 54,TASK,r3,2026-09-29,2026-10-24,,MIN_20_TO_60,33,False,False,random
random_1002,t54,Random task 55,TASK,r3,2026-09-26,2026-10-25,,OVER_60_MIN,34,False,False,random
random_1002,t55,Random task 56,TASK,r4,2026-09-24,2026-10-05,,MIN_20_TO_60,7,False,False,random
random_1002,t56,Random task 57,TASK,r0,,2026-10-11,,OVER_60_MIN,17,False,False,random
random_1002,t57,Random task 58,TASK,r4,2026-10-08,2026-10-28,,MIN_20_TO_60,16,False,False,random
random_1002,t58,Random task 59,TASK,r0,2026-09-24,2026-10-08,,UNDER_20_MIN,55,False,False,random
random_1003,r0,Random Root 1,GOAL,,,,,MIN_20_TO_60,,False,False,
random_1003,r1,Random Root 2,GOAL,,,,,MIN_20_TO_60,,False,False,
random_1003,r2,Random Root 3,GOAL,,,,,MIN_20_TO_60,,False,False,
random_1003,r3,Random Root 4,GOAL,,,,,MIN_20_TO_60,,False,False,
random_1003,r4,Random Root 5,GOAL,,,,,MIN_20_TO_60,,False,False,
random_1003,r5,Random Root 6,GOAL,,,,,MIN_20_TO_60,,False,False,
random_1003,t0,Random task 1,TASK,r2,2026-10-04,2026-11-02,2026-10-14,MIN_20_TO_60,9,False,True,random
random_1003,t1,Random task 2,TASK,r3,2026-09-29,2026-10-21,,OVER_60_MIN,5,False,False,random
random_1003,t2,Random task 3,TASK,r5,2026-09-21,2026-10-12,,OVER_60_MIN,18,False,False,random
random_1003,t3,Random task 4,TASK,r0,2026-10-02,2026-10-06,,UNDER_20_MIN,33,False,False,random
random_1003,t4,Random task 5,TASK,r1,2026-09-28,,,UNDER_20_MIN,18,False,False,random
random_1003,t5,Random task 6,TASK,r4,,2026-10-07,,MIN_20_TO_60,44,False,False,random
random_1003,t6,Random task 7,TASK,r2,2026-10-06,2026-11-03,2026-10-19,UNDER_20_MIN,24,False,True,random
random_1003,t7,Random task 8,TASK,r4,2026-10-04,2026-11-01,,OVER_60_MIN,42,False,False,random
random_1003,t8,Random task 9,TASK,r3,,2026-09-29,,OVER_60_MIN,60,True,False,random
random_1003,t9,Random task 10,TASK,r2,,2026-10-01,,OVER_60_MIN,62,False,False,random
random_1003,t10,Random task 11,TASK,r4,2026-10-04,2026-10-27,,MIN_20_TO_60,24,False,False,random
random_1003,t11,Random task 12,TASK,r4,2026-10-07,2026-10-28,2026-10-08,MIN_20_TO_60,14,False,True,random
random_1003,t12,Random task 13,TASK,r4,,2026-10-01,,UNDER_20_MIN,13,False,False,random
random_1003,t13,Random task 14,TASK,r2,2026-09-21,,,MIN_20_TO_60,43,False,False,random
random_1003,t14,Random task 15,TASK,r3,2026-10-02,2026-10-22,,OVER_60_MIN,61,False,False,random
random_1003,t15,Random task 16,TASK,r0,,2026-10-11,2026-09-21,MIN_20_TO_60,32,False,True,random
random_1003,t16,Random task 17,TASK,r5,2026-09-25,,,UNDER_20_MIN,31,False,False,random
random_1003,t17,Random task 18,TASK,r2,,2026-10-21,,UNDER_20_MIN,55,False,False,random
random_1003,t18,Random task 19,TASK,r0,2026-09-25,2026-10-10,,OVER_60_MIN,53,False,False,random
random_1003,t19,Random task 20,TASK,r2,2026-09-24,2026-10-22,,OVER_60_MIN,24,False,False,random
random_1003,t20,Random task 21,TASK,r5,2026-10-04,2026-10-06,,OVER_60_MIN,27,False,False,random
random_1003,t21,Random task 22,TASK,r5,2026-09-24,2026-10-02,,UNDER_20_MIN,50,False,False,random
random_1003,t22,Random task 23,TASK,r3,,2026-10-24,,MIN_20_TO_60,72,False,False,random
random_1003,t23,Random task 24,TASK,r3,,2026-10-18,,OVER_60_MIN,50,False,False,random
random_1003,t24,Random task 25,TASK,r0,,2026-10-25,,MIN_20_TO_60,54,False,False,random
random_1003,t25,Random task 26,TASK,r0,,2026-10-21,,OVER_60_MIN,52,False,False,random
random_1003,t26,Random task 27,TASK,r5,2026-10-04,2026-10-22,,OVER_60_MIN,52,False,False,random
random_1003,t27,Random task 28,TASK,r3,2026-09-26,2026-10-27,,UNDER_20_MIN,33,False,False,random
random_1003,t28,Random task 29,TASK,r4,2026-10-10,2026-10-17,,MIN_20_TO_60,11,False,False,random
random_1003,t29,Random task 30,TASK,r1,2026-10-01,2026-10-12,,MIN_20_TO_60,13,False,False,random
random_1003,t30,Random task 31,TASK,r3,2026-10-10,,,OVER_60_MIN,33,False,False,random
random_1003,t31,Random task 32,TASK,r2,2026-10-04,2026-10-31,,OVER_60_MIN,33,False,False,random
random_1003,t32,Random task 33,TASK,r0,,2026-10-01,,OVER_60_MIN,55,False,False,random
random_1003,t33,Random task 34,TASK,r2,,2026-09-21,,UNDER_20_MIN,30,False,False,random
random_1003,t34,Random task 35,TASK,r1,,2026-09-22,,MIN_20_TO_60,37,False,False,random
random_1003,t35,Random task 36,TASK,r3,2026-09-27,2026-10-22,,OVER_60_MIN,80,False,False,random
random_1003,t36,Random task 37,TASK,r4,2026-10-06,,,MIN_20_TO_60,3,False,False,random
random_1003,t37,Random task 38,TASK,r4,2026-09-27,2026-10-11,,OVER_60_MIN,35,False,False,random
random_1003,t38,Random task 39,TASK,r4,2026-10-03,,,UNDER_20_MIN,34,False,False,random
random_1003,t39,Random task 40,TASK,r0,2026-09-25,2026-09-28,,UNDER_20_MIN,10,False,False,random
random_1003,t40,Random task 41,TASK,r3,2026-09-20,2026-10-25,,MIN_20_TO_60,69,False,False,random
random_1003,t41,Random task 42,TASK,r4,2026-09-21,2026-10-20,,MIN_20_TO_60,29,False,False,random
random_1003,t42,Random task 43,TASK,r5,,2026-09-30,,MIN_20_TO_60,26,False,False,random
random_1003,t43,Random task 44,TASK,r2,2026-09-23,2026-10-25,,OVER_60_MIN,59,False,False,random
random_1003,t44,Random task 45,TASK,r0,2026-09-20,2026-10-11,,UNDER_20_MIN,63,False,False,random
random_1003,t45,Random task 46,TASK,r2,2026-10-02,2026-10-13,,UNDER_20_MIN,68,False,False,random
random_1003,t46,Random task 47,TASK,r5,2026-10-08,2026-10-10,2026-10-10,UNDER_20_MIN,35,False,True,random
random_1003,t47,Random task 48,TASK,r2,2026-09-25,2026-10-13,,OVER_60_MIN,24,False,False,random
random_1003,t48,Random task 49,TASK,r5,,2026-10-12,,UNDER_20_MIN,42,False,False,random
random_1003,t49,Random task 50,TASK,r0,2026-10-09,2026-11-07,,UNDER_20_MIN,51,False,False,random
random_1003,t50,Random task 51,TASK,r0,2026-10-10,,,MIN_20_TO_60,70,False,False,random
random_1003,t51,Random task 52,TASK,r5,2026-10-04,2026-10-15,,OVER_60_MIN,25,False,False,random
random_1003,t52,Random task 53,TASK,r2,,2026-09-23,,UNDER_20_MIN,56,False,False,random
random_1003,t53,Random task 54,TASK,r5,,,,OVER_60_MIN,34,False,False,random
random_1003,t54,Random task 55,TASK,r2,,2026-10-03,,UNDER_20_MIN,77,False,False,random
random_1003,t55,Random task 56,TASK,r5,,,,OVER_60_MIN,79,False,False,random
random_1003,t56,Random task 57,TASK,r5,2026-09-22,2026-10-20,,MIN_20_TO_60,32,False,False,random
random_1003,t57,Random task 58,TASK,r5,2026-09-30,2026-10-23,,OVER_60_MIN,76,False,False,random
random_1003,t58,Random task 59,TASK,r2,,2026-10-07,,OVER_60_MIN,41,False,False,random
random_1003,t59,Random task 60,TASK,r0,2026-10-06,2026-10-25,,MIN_20_TO_60,70,False,False,random
random_1003,t60,Random task 61,TASK,r1,2026-10-08,2026-10-16,,OVER_60_MIN,23,False,False,random
random_1003,t61,Random task 62,TASK,r1,,2026-09-25,,UNDER_20_MIN,54,False,False,random
random_1003,t62,Random task 63,TASK,r1,2026-09-29,2026-10-21,,OVER_60_MIN,17,False,False,random
random_1003,t63,Random task 64,TASK,r2,,,,OVER_60_MIN,59,False,False,random
random_1003,t64,Random task 65,TASK,r1,,2026-10-23,,MIN_20_TO_60,25,False,False,random
random_1003,t65,Random task 66,TASK,r1,,2026-10-08,2026-09-23,UNDER_20_MIN,17,False,True,random
random_1003,t66,Random task 67,TASK,r1,,2026-09-21,,UNDER_20_MIN,77,False,False,random
random_1003,t67,Random task 68,TASK,r4,,2026-10-06,,MIN_20_TO_60,24,False,False,random
random_1003,t68,Random task 69,TASK,r4,2026-10-03,2026-10-27,,UNDER_20_MIN,41,False,False,random
random_1003,t69,Random task 70,TASK,r1,2026-10-04,2026-11-07,,UNDER_20_MIN,80,False,False,random
random_1003,t70,Random task 71,TASK,r3,,,,OVER_60_MIN,48,False,False,random
random_1003,t71,Random task 72,TASK,r3,2026-10-05,2026-11-06,,MIN_20_TO_60,27,False,False,random
random_1003,t72,Random task 73,TASK,r5,,2026-09-28,,OVER_60_MIN,7,False,False,random
random_1003,t73,Random task 74,TASK,r2,2026-10-04,2026-10-23,,UNDER_20_MIN,32,False,False,random
random_1003,t74,Random task 75,TASK,r2,,2026-10-24,,OVER_60_MIN,11,False,False,random
random_1003,t75,Random task 76,TASK,r5,2026-10-06,2026-10-17,,OVER_60_MIN,65,False,False,random
random_1003,t76,Random task 77,TASK,r2,2026-09-20,2026-10-14,,UNDER_20_MIN,53,False,False,random
random_1003,t77,Random task 78,TASK,r0,,,,MIN_20_TO_60,18,False,False,random
random_1003,t78,Random task 79,TASK,r5,2026-10-10,2026-10-19,2026-10-12,UNDER_20_MIN,73,False,True,random
random_1003,t79,Random task 80,TASK,r0,2026-10-02,2026-10-03,,UNDER_20_MIN,29,False,False,random
random_1004,r0,Random Root 1,GOAL,,,,,MIN_20_TO_60,,False,False,
random_1004,r1,Random Root 2,GOAL,,,,,MIN_20_TO_60,,False,False,
random_1004,r2,Random Root 3,GOAL,,,,,MIN_20_TO_60,,False,False,
random_1004,r3,Random Root 4,GOAL,,,,,MIN_20_TO_60,,False,False,
random_1004,r4,Random Root 5,GOAL,,,,,MIN_20_TO_60,,False,False,
random_1004,r5,Random Root 6,GOAL,,,,,MIN_20_TO_60,,False,False,
random_1004,t0,Random task 1,TASK,r5,,2026-10-23,,UNDER_20_MIN,4,False,False,random
random_1004,t1,Random task 2,TASK,r5,,,2026-09-23,MIN_20_TO_60,47,True,True,random
random_1004,t2,Random task 3,TASK,r5,2026-09-24,,,MIN_20_TO_60,2,False,False,random
random_1004,t3,Random task 4,TASK,r0,2026-09-21,2026-10-10,,UNDER_20_MIN,45,False,False,random
random_1004,t4,Random task 5,TASK,r3,2026-09-25,,,MIN_20_TO_60,26,False,False,random
random_1004,t5,Random task 6,TASK,r1,2026-09-25,2026-10-26,2026-10-04,UNDER_20_MIN,49,False,True,random
random_1004,t6,Random task 7,TASK,r4,2026-09-30,2026-10-10,,OVER_60_MIN,47,False,False,random
random_1004,t7,Random task 8,TASK,r3,,,,MIN_20_TO_60,29,False,False,random
random_1004,t8,Random task 9,TASK,r1,2026-09-27,2026-10-07,,MIN_20_TO_60,7,False,False,random
random_1004,t9,Random task 10,TASK,r0,,2026-09-26,,OVER_60_MIN,32,False,False,random
random_1004,t10,Random task 11,TASK,r5,,2026-10-19,,UNDER_20_MIN,21,False,False,random
random_1004,t11,Random task 12,TASK,r2,,2026-09-22,,OVER_60_MIN,34,False,False,random
random_1004,t12,Random task 13,TASK,r4,,2026-09-21,,UNDER_20_MIN,44,False,False,random
random_1004,t13,Random task 14,TASK,r2,2026-10-08,,2026-10-10,UNDER_20_MIN,41,False,True,random
random_1004,t14,Random task 15,TASK,r0,2026-10-01,2026-10-26,,MIN_20_TO_60,18,False,False,random
random_1004,t15,Random task 16,TASK,r2,2026-09-25,2026-10-12,,OVER_60_MIN,3,True,False,random
random_1004,t16,Random task 17,TASK,r1,2026-10-04,,,OVER_60_MIN,15,True,False,random
random_1004,t17,Random task 18,TASK,r4,2026-10-10,2026-11-14,,UNDER_20_MIN,36,False,False,random
random_1004,t18,Random task 19,TASK,r1,,2026-09-25,,OVER_60_MIN,20,False,False,random
random_1004,t19,Random task 20,TASK,r5,,2026-10-19,,OVER_60_MIN,50,False,False,random
random_1004,t20,Random task 21,TASK,r3,2026-10-09,2026-11-03,,UNDER_20_MIN,23,True,False,random
random_1004,t21,Random task 22,TASK,r5,2026-09-23,2026-10-18,,UNDER_20_MIN,26,False,False,random
random_1004,t22,Random task 23,TASK,r3,2026-09-24,2026-10-26,,MIN_20_TO_60,44,False,False,random
random_1004,t23,Random task 24,TASK,r2,2026-09-28,2026-10-12,2026-10-09,MIN_20_TO_60,41,False,True,random
random_1004,t24,Random task 25,TASK,r3,2026-09-26,2026-10-12,,OVER_60_MIN,12,False,False,random
random_1004,t25,Random task 26,TASK,r2,2026-09-20,2026-10-13,,OVER_60_MIN,4,False,False,random
random_1004,t26,Random task 27,TASK,r4,,2026-09-26,,OVER_60_MIN,37,False,False,random
random_1004,t27,Random task 28,TASK,r3,2026-10-07,,,UNDER_20_MIN,30,False,False,random
random_1004,t28,Random task 29,TASK,r0,2026-09-20,,,OVER_60_MIN,21,False,False,random
random_1004,t29,Random task 30,TASK,r0,2026-09-26,2026-10-14,,OVER_60_MIN,49,False,False,random
random_1004,t30,Random task 31,TASK,r2,,2026-10-03,,OVER_60_MIN,27,False,False,random
random_1004,t31,Random task 32,TASK,r4,,2026-10-19,,OVER_60_MIN,48,False,False,random
random_1004,t32,Random task 33,TASK,r3,,2026-09-23,,OVER_60_MIN,32,False,False,random
random_1004,t33,Random task 34,TASK,r4,2026-10-04,2026-10-26,,OVER_60_MIN,18,False,False,random
random_1004,t34,Random task 35,TASK,r0,,2026-09-25,,OVER_60_MIN,12,False,False,random
random_1004,t35,Random task 36,TASK,r1,,2026-09-21,,UNDER_20_MIN,47,False,False,random
random_1004,t36,Random task 37,TASK,r0,,2026-09-28,,UNDER_20_MIN,28,True,False,random
random_1004,t37,Random task 38,TASK,r1,,2026-10-23,,UNDER_20_MIN,46,False,False,random
random_1004,t38,Random task 39,TASK,r0,2026-10-04,2026-11-03,,OVER_60_MIN,31,False,False,random
random_1004,t39,Random task 40,TASK,r1,2026-10-03,,,UNDER_20_MIN,49,True,False,random
random_1004,t40,Random task 41,TASK,r3,,,,MIN_20_TO_60,10,False,False,random
random_1004,t41,Random task 42,TASK,r2,2026-10-01,2026-10-05,,MIN_20_TO_60,1,False,False,random
random_1004,t42,Random task 43,TASK,r2,2026-09-25,2026-10-21,,UNDER_20_MIN,31,False,False,random
random_1004,t43,Random task 44,TASK,r5,2026-09-25,2026-10-30,,MIN_20_TO_60,23,False,False,random
random_1004,t44,Random task 45,TASK,r5,2026-09-23,,,OVER_60_MIN,4,False,False,random
random_1004,t45,Random task 46,TASK,r1,2026-10-06,2026-10-17,,MIN_20_TO_60,34,False,False,random
random_1004,t46,Random task 47,TASK,r2,2026-10-10,2026-10-28,,UNDER_20_MIN,10,False,False,random
random_1004,t47,Random task 48,TASK,r5,,2026-10-23,,UNDER_20_MIN,28,False,False,random
random_1004,t48,Random task 49,TASK,r5,,2026-10-13,,UNDER_20_MIN,8,True,False,random
random_1004,t49,Random task 50,TASK,r5,2026-10-03,,,OVER_60_MIN,47,False,False,random
random_1004,t50,Random task 51,TASK,r4,2026-10-01,2026-10-20,,MIN_20_TO_60,14,False,False,random
random_1005,r0,Random Root 1,GOAL,,,,,MIN_20_TO_60,,False,False,
random_1005,r1,Random Root 2,GOAL,,,,,MIN_20_TO_60,,False,False,
random_1005,r2,Random Root 3,GOAL,,,,,MIN_20_TO_60,,False,False,
random_1005,r3,Random Root 4,GOAL,,,,,MIN_20_TO_60,,False,False,
random_1005,r4,Random Root 5,GOAL,,,,,MIN_20_TO_60,,False,False,
random_1005,r5,Random Root 6,GOAL,,,,,MIN_20_TO_60,,False,False,
random_1005,t0,Random task 1,TASK,r4,2026-10-08,2026-10-28,,OVER_60_MIN,16,False,False,random
random_1005,t1,Random task 2,TASK,r2,2026-09-26,2026-09-29,,OVER_60_MIN,39,False,False,random
random_1005,t2,Random task 3,TASK,r2,2026-09-28,2026-10-13,,OVER_60_MIN,61,False,False,random
random_1005,t3,Random task 4,TASK,r4,,,,OVER_60_MIN,7,False,False,random
random_1005,t4,Random task 5,TASK,r5,,2026-10-08,,MIN_20_TO_60,43,False,False,random
random_1005,t5,Random task 6,TASK,r2,,2026-09-22,,MIN_20_TO_60,47,False,False,random
random_1005,t6,Random task 7,TASK,r1,,2026-10-20,,OVER_60_MIN,20,True,False,random
random_1005,t7,Random task 8,TASK,r0,2026-09-21,2026-10-05,,UNDER_20_MIN,60,False,False,random
random_1005,t8,Random task 9,TASK,r1,,2026-10-01,,MIN_20_TO_60,59,False,False,random
random_1005,t9,Random task 10,TASK,r5,,2026-09-23,,OVER_60_MIN,60,False,False,random
random_1005,t10,Random task 11,TASK,r1,,2026-10-24,,OVER_60_MIN,50,False,False,random
random_1005,t11,Random task 12,TASK,r2,,,,UNDER_20_MIN,41,True,False,random
random_1005,t12,Random task 13,TASK,r0,2026-10-10,,2026-10-23,MIN_20_TO_60,28,False,True,random
random_1005,t13,Random task 14,TASK,r3,,,,MIN_20_TO_60,40,False,False,random
random_1005,t14,Random task 15,TASK,r4,,2026-10-02,,OVER_60_MIN,20,False,False,random
random_1005,t15,Random task 16,TASK,r0,2026-09-23,,,MIN_20_TO_60,30,False,False,random
random_1005,t16,Random task 17,TASK,r2,2026-10-02,2026-10-24,,MIN_20_TO_60,67,False,False,random
random_1005,t17,Random task 18,TASK,r0,2026-09-26,,2026-10-04,MIN_20_TO_60,1,False,True,random
random_1005,t18,Random task 19,TASK,r0,2026-09-30,2026-10-31,,OVER_60_MIN,41,False,False,random
random_1005,t19,Random task 20,TASK,r5,,2026-09-27,,OVER_60_MIN,64,False,False,random
random_1005,t20,Random task 21,TASK,r4,2026-10-08,2026-10-18,,MIN_20_TO_60,25,False,False,random
random_1005,t21,Random task 22,TASK,r1,2026-09-30,,,OVER_60_MIN,30,False,False,random
random_1005,t22,Random task 23,TASK,r3,,,,OVER_60_MIN,10,False,False,random
random_1005,t23,Random task 24,TASK,r3,2026-10-07,2026-11-06,,OVER_60_MIN,25,False,False,random
random_1005,t24,Random task 25,TASK,r5,2026-10-08,2026-10-20,,MIN_20_TO_60,54,False,False,random
random_1005,t25,Random task 26,TASK,r2,2026-09-20,2026-10-10,,MIN_20_TO_60,16,True,False,random
random_1005,t26,Random task 27,TASK,r1,,2026-10-06,2026-09-26,UNDER_20_MIN,37,False,True,random
random_1005,t27,Random task 28,TASK,r3,2026-10-01,2026-11-02,,UNDER_20_MIN,16,False,False,random
random_1005,t28,Random task 29,TASK,r5,,2026-09-21,,UNDER_20_MIN,4,False,False,random
random_1005,t29,Random task 30,TASK,r3,,,,UNDER_20_MIN,68,False,False,random
random_1005,t30,Random task 31,TASK,r5,,,,MIN_20_TO_60,62,False,False,random
random_1005,t31,Random task 32,TASK,r3,2026-09-27,2026-10-16,,MIN_20_TO_60,4,False,False,random
random_1005,t32,Random task 33,TASK,r0,2026-10-10,,,OVER_60_MIN,69,False,False,random
random_1005,t33,Random task 34,TASK,r3,2026-10-07,2026-10-21,,OVER_60_MIN,65,False,False,random
random_1005,t34,Random task 35,TASK,r2,,,,OVER_60_MIN,53,False,False,random
random_1005,t35,Random task 36,TASK,r5,,2026-09-25,,UNDER_20_MIN,15,False,False,random
random_1005,t36,Random task 37,TASK,r1,2026-09-25,2026-09-30,,MIN_20_TO_60,54,False,False,random
random_1005,t37,Random task 38,TASK,r1,,2026-09-25,,MIN_20_TO_60,12,False,False,random
random_1005,t38,Random task 39,TASK,r0,2026-10-03,,,OVER_60_MIN,69,True,False,random
random_1005,t39,Random task 40,TASK,r4,,2026-10-07,,MIN_20_TO_60,52,False,False,random
random_1005,t40,Random task 41,TASK,r1,2026-09-27,,,OVER_60_MIN,38,False,False,random
random_1005,t41,Random task 42,TASK,r1,,2026-09-28,,OVER_60_MIN,66,False,False,random
random_1005,t42,Random task 43,TASK,r2,,2026-09-25,,MIN_20_TO_60,63,False,False,random
random_1005,t43,Random task 44,TASK,r4,2026-09-22,2026-10-19,,UNDER_20_MIN,27,False,False,random
random_1005,t44,Random task 45,TASK,r4,,2026-10-18,,UNDER_20_MIN,52,True,False,random
random_1005,t45,Random task 46,TASK,r0,,,,OVER_60_MIN,17,False,False,random
random_1005,t46,Random task 47,TASK,r2,2026-09-30,2026-10-08,,MIN_20_TO_60,70,False,False,random
random_1005,t47,Random task 48,TASK,r0,,2026-10-21,,MIN_20_TO_60,3,True,False,random
random_1005,t48,Random task 49,TASK,r5,,,,OVER_60_MIN,57,False,False,random
random_1005,t49,Random task 50,TASK,r4,2026-10-02,,,OVER_60_MIN,3,False,False,random
random_1005,t50,Random task 51,TASK,r0,,2026-10-08,,MIN_20_TO_60,18,False,False,random
random_1005,t51,Random task 52,TASK,r1,,2026-10-13,2026-09-22,MIN_20_TO_60,15,False,True,random
random_1005,t52,Random task 53,TASK,r5,,,,OVER_60_MIN,5,False,False,random
random_1005,t53,Random task 54,TASK,r4,2026-10-04,2026-10-26,,OVER_60_MIN,65,False,False,random
random_1005,t54,Random task 55,TASK,r3,2026-10-08,2026-11-02,,MIN_20_TO_60,33,False,False,random
random_1005,t55,Random task 56,TASK,r0,,2026-10-20,2026-10-11,MIN_20_TO_60,42,False,True,random
random_1005,t56,Random task 57,TASK,r2,2026-09-24,2026-10-01,,MIN_20_TO_60,30,False,False,random
random_1005,t57,Random task 58,TASK,r5,2026-10-01,2026-10-28,,OVER_60_MIN,31,False,False,random
random_1005,t58,Random task 59,TASK,r0,2026-09-20,2026-09-25,,OVER_60_MIN,10,False,False,random
random_1005,t59,Random task 60,TASK,r5,2026-10-05,2026-10-19,,OVER_60_MIN,18,False,False,random
random_1005,t60,Random task 61,TASK,r3,2026-09-29,2026-10-08,,MIN_20_TO_60,40,False,False,random
random_1005,t61,Random task 62,TASK,r0,2026-09-26,,,UNDER_20_MIN,10,False,False,random
random_1005,t62,Random task 63,TASK,r0,2026-10-01,,,OVER_60_MIN,14,True,False,random
random_1005,t63,Random task 64,TASK,r4,,2026-10-03,,UNDER_20_MIN,17,True,False,random
random_1005,t64,Random task 65,TASK,r5,2026-09-24,,,MIN_20_TO_60,8,False,False,random
random_1005,t65,Random task 66,TASK,r1,,,,OVER_60_MIN,57,False,False,random
random_1005,t66,Random task 67,TASK,r4,,2026-09-23,,UNDER_20_MIN,3,False,False,random
random_1005,t67,Random task 68,TASK,r5,,,,UNDER_20_MIN,40,False,False,random
random_1005,t68,Random task 69,TASK,r5,,2026-10-14,,UNDER_20_MIN,3,False,False,random
random_1005,t69,Random task 70,TASK,r2,,2026-10-13,,UNDER_20_MIN,60,False,False,random
random_1006,r0,Random Root 1,GOAL,,,,,MIN_20_TO_60,,False,False,
random_1006,r1,Random Root 2,GOAL,,,,,MIN_20_TO_60,,False,False,
random_1006,r2,Random Root 3,GOAL,,,,,MIN_20_TO_60,,False,False,
random_1006,r3,Random Root 4,GOAL,,,,,MIN_20_TO_60,,False,False,
random_1006,r4,Random Root 5,GOAL,,,,,MIN_20_TO_60,,False,False,
random_1006,t0,Random task 1,TASK,r1,2026-09-26,2026-10-17,,UNDER_20_MIN,20,False,False,random
random_1006,t1,Random task 2,TASK,r4,2026-09-20,2026-10-10,,UNDER_20_MIN,48,False,False,random
random_1006,t2,Random task 3,TASK,r0,2026-09-29,2026-10-05,,MIN_20_TO_60,29,False,False,random
random_1006,t3,Random task 4,TASK,r2,2026-09-23,2026-10-27,,OVER_60_MIN,12,False,False,random
random_1006,t4,Random task 5,TASK,r3,,2026-10-07,,OVER_60_MIN,7,False,False,random
random_1006,t5,Random task 6,TASK,r4,2026-10-02,2026-10-15,,MIN_20_TO_60,45,False,False,random
random_1006,t6,Random task 7,TASK,r0,2026-09-21,2026-10-24,,MIN_20_TO_60,10,False,False,random
random_1006,t7,Random task 8,TASK,r0,2026-09-21,2026-10-23,,MIN_20_TO_60,21,False,False,random
random_1006,t8,Random task 9,TASK,r1,,2026-10-17,,UNDER_20_MIN,39,False,False,random
random_1006,t9,Random task 10,TASK,r4,,2026-10-22,,MIN_20_TO_60,14,False,False,random
random_1006,t10,Random task 11,TASK,r4,,2026-10-22,,MIN_20_TO_60,34,False,False,random
random_1006,t11,Random task 12,TASK,r1,2026-09-22,,2026-09-30,UNDER_20_MIN,25,False,True,random
random_1006,t12,Random task 13,TASK,r1,2026-10-07,2026-10-30,,UNDER_20_MIN,24,True,False,random
random_1006,t13,Random task 14,TASK,r0,2026-09-20,2026-10-11,,MIN_20_TO_60,15,False,False,random
random_1006,t14,Random task 15,TASK,r3,2026-10-10,2026-10-29,,MIN_20_TO_60,9,False,False,random
random_1006,t15,Random task 16,TASK,r1,2026-09-21,2026-10-23,,UNDER_20_MIN,13,False,False,random
random_1006,t16,Random task 17,TASK,r3,2026-09-21,2026-10-17,,MIN_20_TO_60,14,False,False,random
random_1006,t17,Random task 18,TASK,r1,,2026-10-03,,MIN_20_TO_60,30,False,False,random
random_1006,t18,Random task 19,TASK,r4,2026-09-22,2026-10-20,,UNDER_20_MIN,30,False,False,random
random_1006,t19,Random task 20,TASK,r4,2026-09-22,2026-10-17,,MIN_20_TO_60,34,False,False,random
random_1006,t20,Random task 21,TASK,r2,,2026-09-30,,OVER_60_MIN,30,False,False,random
random_1006,t21,Random task 22,TASK,r2,2026-09-24,2026-10-04,,MIN_20_TO_60,33,True,False,random
random_1006,t22,Random task 23,TASK,r0,2026-10-08,2026-11-06,,UNDER_20_MIN,8,False,False,random
random_1006,t23,Random task 24,TASK,r2,2026-09-24,2026-09-26,,OVER_60_MIN,43,False,False,random
random_1006,t24,Random task 25,TASK,r3,,,2026-09-23,OVER_60_MIN,38,False,True,random
random_1006,t25,Random task 26,TASK,r3,2026-10-07,,,OVER_60_MIN,25,False,False,random
random_1006,t26,Random task 27,TASK,r4,,2026-10-09,,MIN_20_TO_60,36,True,False,random
random_1006,t27,Random task 28,TASK,r1,,2026-09-21,,UNDER_20_MIN,44,False,False,random
random_1006,t28,Random task 29,TASK,r1,,2026-10-23,,MIN_20_TO_60,28,False,False,random
random_1006,t29,Random task 30,TASK,r1,2026-09-28,2026-11-01,,OVER_60_MIN,5,False,False,random
random_1006,t30,Random task 31,TASK,r4,2026-09-24,2026-10-27,,MIN_20_TO_60,46,False,False,random
random_1006,t31,Random task 32,TASK,r4,,2026-10-14,,MIN_20_TO_60,20,False,False,random
random_1006,t32,Random task 33,TASK,r3,2026-09-20,2026-10-17,,OVER_60_MIN,2,False,False,random
random_1006,t33,Random task 34,TASK,r4,,,,OVER_60_MIN,31,False,False,random
random_1006,t34,Random task 35,TASK,r4,2026-09-28,2026-10-16,,UNDER_20_MIN,48,False,False,random
random_1006,t35,Random task 36,TASK,r1,,2026-10-22,2026-09-22,OVER_60_MIN,5,False,True,random
random_1006,t36,Random task 37,TASK,r2,2026-10-05,,,MIN_20_TO_60,38,False,False,random
random_1006,t37,Random task 38,TASK,r3,,2026-10-06,,OVER_60_MIN,4,False,False,random
random_1006,t38,Random task 39,TASK,r0,,2026-09-25,,MIN_20_TO_60,41,False,False,random
random_1006,t39,Random task 40,TASK,r3,2026-10-06,2026-10-26,,UNDER_20_MIN,43,False,False,random
random_1006,t40,Random task 41,TASK,r3,,,,UNDER_20_MIN,21,False,False,random
random_1006,t41,Random task 42,TASK,r3,,,,OVER_60_MIN,41,False,False,random
random_1006,t42,Random task 43,TASK,r1,,2026-10-11,,OVER_60_MIN,45,False,False,random
random_1006,t43,Random task 44,TASK,r3,,,,MIN_20_TO_60,43,False,False,random
random_1006,t44,Random task 45,TASK,r0,2026-10-07,2026-10-26,,MIN_20_TO_60,48,False,False,random
random_1006,t45,Random task 46,TASK,r0,2026-09-26,,,MIN_20_TO_60,29,False,False,random
random_1006,t46,Random task 47,TASK,r3,2026-09-29,2026-10-08,,UNDER_20_MIN,27,False,False,random
random_1006,t47,Random task 48,TASK,r3,2026-10-07,2026-10-08,,MIN_20_TO_60,40,False,False,random
random_1007,r0,Random Root 1,GOAL,,,,,MIN_20_TO_60,,False,False,
random_1007,r1,Random Root 2,GOAL,,,,,MIN_20_TO_60,,False,False,
random_1007,r2,Random Root 3,GOAL,,,,,MIN_20_TO_60,,False,False,
random_1007,t0,Random task 1,TASK,r0,,2026-10-02,,UNDER_20_MIN,72,True,False,random
random_1007,t1,Random task 2,TASK,r2,2026-10-09,2026-10-12,,UNDER_20_MIN,10,False,False,random
random_1007,t2,Random task 3,TASK,r2,2026-09-28,2026-10-26,,UNDER_20_MIN,43,False,False,random
random_1007,t3,Random task 4,TASK,r0,2026-09-20,2026-09-24,,MIN_20_TO_60,51,False,False,random
random_1007,t4,Random task 5,TASK,r1,2026-09-21,2026-10-16,,MIN_20_TO_60,26,True,False,random
random_1007,t5,Random task 6,TASK,r1,2026-09-25,2026-10-26,2026-10-15,UNDER_20_MIN,48,True,True,random
random_1007,t6,Random task 7,TASK,r2,2026-09-28,,,OVER_60_MIN,13,False,False,random
random_1007,t7,Random task 8,TASK,r2,2026-09-27,2026-10-09,,OVER_60_MIN,48,False,False,random
random_1007,t8,Random task 9,TASK,r2,2026-10-04,2026-10-30,,UNDER_20_MIN,10,False,False,random
random_1007,t9,Random task 10,TASK,r2,,,,UNDER_20_MIN,64,False,False,random
random_1007,t10,Random task 11,TASK,r1,,2026-10-12,,MIN_20_TO_60,17,False,False,random
random_1007,t11,Random task 12,TASK,r2,,2026-10-10,,OVER_60_MIN,61,False,False,random
random_1007,t12,Random task 13,TASK,r0,2026-09-29,2026-10-27,,UNDER_20_MIN,78,False,False,random
random_1007,t13,Random task 14,TASK,r0,,,,OVER_60_MIN,78,False,False,random
random_1007,t14,Random task 15,TASK,r2,2026-10-06,2026-10-19,,MIN_20_TO_60,63,False,False,random
random_1007,t15,Random task 16,TASK,r0,,2026-09-24,,MIN_20_TO_60,2,False,False,random
random_1007,t16,Random task 17,TASK,r2,2026-09-26,2026-10-18,,OVER_60_MIN,2,False,False,random
random_1007,t17,Random task 18,TASK,r0,,2026-10-14,2026-10-03,MIN_20_TO_60,66,False,True,random
random_1007,t18,Random task 19,TASK,r1,2026-09-22,,,UNDER_20_MIN,44,True,False,random
random_1007,t19,Random task 20,TASK,r1,2026-09-29,2026-10-21,,MIN_20_TO_60,68,True,False,random
random_1007,t20,Random task 21,TASK,r0,2026-10-02,,,UNDER_20_MIN,66,False,False,random
random_1007,t21,Random task 22,TASK,r1,2026-10-01,2026-10-06,,UNDER_20_MIN,75,False,False,random
random_1007,t22,Random task 23,TASK,r1,2026-09-27,2026-10-23,,OVER_60_MIN,79,False,False,random
random_1007,t23,Random task 24,TASK,r0,,2026-10-08,,UNDER_20_MIN,61,False,False,random
random_1007,t24,Random task 25,TASK,r0,2026-09-29,2026-10-11,2026-10-09,OVER_60_MIN,38,False,True,random
random_1007,t25,Random task 26,TASK,r1,,2026-10-21,,UNDER_20_MIN,59,False,False,random
random_1007,t26,Random task 27,TASK,r0,,,,UNDER_20_MIN,69,False,False,random
random_1007,t27,Random task 28,TASK,r1,,2026-10-17,,UNDER_20_MIN,30,False,False,random
random_1007,t28,Random task 29,TASK,r2,2026-09-26,2026-10-28,2026-10-12,UNDER_20_MIN,58,False,True,random
random_1007,t29,Random task 30,TASK,r1,2026-10-01,2026-10-16,2026-10-06,MIN_20_TO_60,45,False,True,random
random_1007,t30,Random task 31,TASK,r1,2026-09-28,,,OVER_60_MIN,2,False,False,random
random_1007,t31,Random task 32,TASK,r2,2026-10-04,,,OVER_60_MIN,24,False,False,random
random_1007,t32,Random task 33,TASK,r2,2026-10-01,2026-11-05,,MIN_20_TO_60,67,False,False,random
random_1007,t33,Random task 34,TASK,r2,2026-10-06,2026-11-01,,MIN_20_TO_60,78,False,False,random
random_1007,t34,Random task 35,TASK,r1,2026-10-03,2026-10-25,,MIN_20_TO_60,50,False,False,random
random_1007,t35,Random task 36,TASK,r0,,,,MIN_20_TO_60,45,False,False,random
random_1007,t36,Random task 37,TASK,r2,2026-10-04,2026-11-01,,OVER_60_MIN,63,False,False,random
random_1007,t37,Random task 38,TASK,r2,2026-10-02,2026-10-11,,OVER_60_MIN,75,False,False,random
random_1007,t38,Random task 39,TASK,r2,,2026-10-09,,UNDER_20_MIN,71,False,False,random
random_1007,t39,Random task 40,TASK,r0,,,2026-10-03,UNDER_20_MIN,61,False,True,random
random_1007,t40,Random task 41,TASK,r2,2026-09-24,2026-10-02,,OVER_60_MIN,62,False,False,random
random_1007,t41,Random task 42,TASK,r1,,2026-10-13,,OVER_60_MIN,47,False,False,random
random_1007,t42,Random task 43,TASK,r2,2026-09-28,2026-10-15,,MIN_20_TO_60,35,False,False,random
random_1007,t43,Random task 44,TASK,r2,2026-09-29,2026-10-22,,OVER_60_MIN,28,False,False,random
random_1007,t44,Random task 45,TASK,r1,,2026-10-07,,UNDER_20_MIN,24,True,False,random
random_1007,t45,Random task 46,TASK,r2,,2026-09-26,,OVER_60_MIN,70,False,False,random
random_1007,t46,Random task 47,TASK,r2,2026-09-28,2026-10-25,,OVER_60_MIN,80,False,False,random
random_1007,t47,Random task 48,TASK,r2,2026-09-28,2026-10-29,,OVER_60_MIN,28,False,False,random
random_1007,t48,Random task 49,TASK,r0,2026-09-29,2026-10-21,,OVER_60_MIN,7,False,False,random
random_1007,t49,Random task 50,TASK,r0,2026-10-02,,,UNDER_20_MIN,69,False,False,random
random_1007,t50,Random task 51,TASK,r1,,2026-10-08,2026-10-04,OVER_60_MIN,73,False,True,random
random_1007,t51,Random task 52,TASK,r1,,2026-10-12,,OVER_60_MIN,5,False,False,random
random_1007,t52,Random task 53,TASK,r2,2026-09-20,2026-10-21,,UNDER_20_MIN,59,False,False,random
random_1007,t53,Random task 54,TASK,r0,2026-10-10,2026-10-11,,UNDER_20_MIN,10,False,False,random
random_1007,t54,Random task 55,TASK,r2,,2026-09-24,,OVER_60_MIN,19,False,False,random
random_1007,t55,Random task 56,TASK,r0,2026-09-25,2026-10-30,,UNDER_20_MIN,56,False,False,random
random_1007,t56,Random task 57,TASK,r0,2026-09-26,,,UNDER_20_MIN,77,False,False,random
random_1007,t57,Random task 58,TASK,r2,2026-10-09,2026-10-13,,MIN_20_TO_60,71,False,False,random
random_1007,t58,Random task 59,TASK,r1,,2026-10-21,,OVER_60_MIN,58,False,False,random
random_1007,t59,Random task 60,TASK,r2,,2026-10-12,,OVER_60_MIN,34,False,False,random
random_1007,t60,Random task 61,TASK,r2,2026-09-27,2026-10-31,2026-10-22,MIN_20_TO_60,82,False,True,random
random_1007,t61,Random task 62,TASK,r2,,2026-10-15,,UNDER_20_MIN,77,False,False,random
random_1007,t62,Random task 63,TASK,r0,,,,MIN_20_TO_60,53,False,False,random
random_1007,t63,Random task 64,TASK,r1,2026-09-27,2026-10-30,,UNDER_20_MIN,51,False,False,random
random_1007,t64,Random task 65,TASK,r2,2026-10-09,,,UNDER_20_MIN,65,False,False,random
random_1007,t65,Random task 66,TASK,r2,,2026-10-20,,MIN_20_TO_60,55,False,False,random
random_1007,t66,Random task 67,TASK,r1,,,,UNDER_20_MIN,71,True,False,random
random_1007,t67,Random task 68,TASK,r2,,2026-09-27,,OVER_60_MIN,76,False,False,random
random_1007,t68,Random task 69,TASK,r2,2026-10-05,2026-10-22,,MIN_20_TO_60,77,False,False,random
random_1007,t69,Random task 70,TASK,r2,,2026-10-25,,MIN_20_TO_60,35,False,False,random
random_1007,t70,Random task 71,TASK,r0,,2026-10-10,,OVER_60_MIN,71,False,False,random
random_1007,t71,Random task 72,TASK,r2,,2026-10-19,2026-09-26,UNDER_20_MIN,83,False,True,random
random_1007,t72,Random task 73,TASK,r1,2026-09-21,2026-10-10,,MIN_20_TO_60,77,False,False,random
random_1007,t73,Random task 74,TASK,r1,2026-10-09,2026-11-07,,OVER_60_MIN,77,False,False,random
random_1007,t74,Random task 75,TASK,r0,,2026-10-04,,MIN_20_TO_60,72,False,False,random
random_1007,t75,Random task 76,TASK,r1,,2026-10-16,,MIN_20_TO_60,75,False,False,random
random_1007,t76,Random task 77,TASK,r0,,,,OVER_60_MIN,70,False,False,random
random_1007,t77,Random task 78,TASK,r1,,2026-09-28,,MIN_20_TO_60,57,False,False,random
random_1007,t78,Random task 79,TASK,r1,,2026-10-22,,MIN_20_TO_60,10,False,False,random
random_1007,t79,Random task 80,TASK,r0,2026-09-20,2026-10-22,,OVER_60_MIN,24,False,False,random
random_1007,t80,Random task 81,TASK,r0,,2026-09-24,,MIN_20_TO_60,62,False,False,random
random_1007,t81,Random task 82,TASK,r0,,2026-10-25,,UNDER_20_MIN,62,False,False,random
random_1007,t82,Random task 83,TASK,r2,2026-10-05,,,UNDER_20_MIN,48,False,False,random
random_1008,r0,Random Root 1,GOAL,,,,,MIN_20_TO_60,,False,False,
random_1008,r1,Random Root 2,GOAL,,,,,MIN_20_TO_60,,False,False,
random_1008,r2,Random Root 3,GOAL,,,,,MIN_20_TO_60,,False,False,
random_1008,r3,Random Root 4,GOAL,,,,,MIN_20_TO_60,,False,False,
random_1008,r4,Random Root 5,GOAL,,,,,MIN_20_TO_60,,False,False,
random_1008,r5,Random Root 6,GOAL,,,,,MIN_20_TO_60,,False,False,
random_1008,t0,Random task 1,TASK,r0,,2026-09-27,,OVER_60_MIN,19,False,False,random
random_1008,t1,Random task 2,TASK,r4,,2026-10-13,,OVER_60_MIN,42,False,False,random
random_1008,t2,Random task 3,TASK,r3,2026-09-21,2026-10-05,,UNDER_20_MIN,49,False,False,random
random_1008,t3,Random task 4,TASK,r0,2026-09-27,2026-10-21,,UNDER_20_MIN,14,False,False,random
random_1008,t4,Random task 5,TASK,r3,2026-09-24,2026-10-23,,OVER_60_MIN,53,False,False,random
random_1008,t5,Random task 6,TASK,r2,,2026-10-17,,UNDER_20_MIN,31,False,False,random
random_1008,t6,Random task 7,TASK,r2,2026-10-05,2026-10-23,,OVER_60_MIN,60,False,False,random
random_1008,t7,Random task 8,TASK,r5,,2026-09-28,,MIN_20_TO_60,11,False,False,random
random_1008,t8,Random task 9,TASK,r4,2026-10-03,2026-10-26,,OVER_60_MIN,13,False,False,random
random_1008,t9,Random task 10,TASK,r2,2026-09-22,2026-09-24,,OVER_60_MIN,19,True,False,random
random_1008,t10,Random task 11,TASK,r5,2026-09-30,2026-10-28,,OVER_60_MIN,34,True,False,random
random_1008,t11,Random task 12,TASK,r5,,2026-10-12,,UNDER_20_MIN,32,False,False,random
random_1008,t12,Random task 13,TASK,r1,,2026-10-16,,MIN_20_TO_60,22,False,False,random
random_1008,t13,Random task 14,TASK,r0,2026-09-27,2026-10-14,,UNDER_20_MIN,47,False,False,random
random_1008,t14,Random task 15,TASK,r4,2026-09-20,,,UNDER_20_MIN,1,False,False,random
random_1008,t15,Random task 16,TASK,r3,,2026-10-13,,MIN_20_TO_60,37,False,False,random
random_1008,t16,Random task 17,TASK,r5,,2026-10-02,,MIN_20_TO_60,49,False,False,random
random_1008,t17,Random task 18,TASK,r3,2026-09-20,2026-09-23,,OVER_60_MIN,14,False,False,random
random_1008,t18,Random task 19,TASK,r4,2026-09-24,2026-09-27,,UNDER_20_MIN,49,False,False,random
random_1008,t19,Random task 20,TASK,r4,2026-09-25,2026-10-13,,MIN_20_TO_60,8,False,False,random
random_1008,t20,Random task 21,TASK,r1,,2026-10-22,2026-09-20,UNDER_20_MIN,32,False,True,random
random_1008,t21,Random task 22,TASK,r2,,2026-10-06,2026-09-26,UNDER_20_MIN,6,False,True,random
random_1008,t22,Random task 23,TASK,r2,,2026-10-11,,UNDER_20_MIN,59,False,False,random
random_1008,t23,Random task 24,TASK,r0,2026-09-27,2026-10-27,,OVER_60_MIN,15,False,False,random
random_1008,t24,Random task 25,TASK,r5,2026-09-28,2026-09-30,,UNDER_20_MIN,23,False,False,random
random_1008,t25,Random task 26,TASK,r1,2026-09-25,2026-10-07,,MIN_20_TO_60,6,False,False,random
random_1008,t26,Random task 27,TASK,r4,2026-10-06,2026-10-14,,OVER_60_MIN,12,True,False,random
random_1008,t27,Random task 28,TASK,r0,2026-10-02,2026-10-05,,OVER_60_MIN,7,False,False,random
random_1008,t28,Random task 29,TASK,r0,,2026-10-11,,MIN_20_TO_60,59,False,False,random
random_1008,t29,Random task 30,TASK,r5,,2026-10-06,,OVER_60_MIN,46,False,False,random
random_1008,t30,Random task 31,TASK,r1,,,,MIN_20_TO_60,44,False,False,random
random_1008,t31,Random task 32,TASK,r5,2026-09-30,2026-10-19,,MIN_20_TO_60,41,False,False,random
random_1008,t32,Random task 33,TASK,r5,,2026-10-09,,UNDER_20_MIN,30,True,False,random
random_1008,t33,Random task 34,TASK,r1,2026-10-02,2026-10-22,,UNDER_20_MIN,10,False,False,random
random_1008,t34,Random task 35,TASK,r2,,,,MIN_20_TO_60,44,False,False,random
random_1008,t35,Random task 36,TASK,r4,2026-10-06,2026-10-20,,MIN_20_TO_60,55,False,False,random
random_1008,t36,Random task 37,TASK,r5,,2026-10-12,,OVER_60_MIN,12,False,False,random
random_1008,t37,Random task 38,TASK,r1,2026-10-10,2026-10-29,,UNDER_20_MIN,38,False,False,random
random_1008,t38,Random task 39,TASK,r0,2026-10-07,2026-10-17,,OVER_60_MIN,34,False,False,random
random_1008,t39,Random task 40,TASK,r5,2026-09-21,2026-10-07,,UNDER_20_MIN,49,False,False,random
random_1008,t40,Random task 41,TASK,r4,2026-10-07,2026-10-08,,MIN_20_TO_60,36,False,False,random
random_1008,t41,Random task 42,TASK,r4,,2026-10-03,,UNDER_20_MIN,2,False,False,random
random_1008,t42,Random task 43,TASK,r5,,2026-09-25,,OVER_60_MIN,8,False,False,random
random_1008,t43,Random task 44,TASK,r0,2026-10-09,2026-10-12,,UNDER_20_MIN,14,False,False,random
random_1008,t44,Random task 45,TASK,r2,,2026-09-27,,MIN_20_TO_60,9,False,False,random
random_1008,t45,Random task 46,TASK,r0,,2026-10-08,,MIN_20_TO_60,18,True,False,random
random_1008,t46,Random task 47,TASK,r5,,2026-10-18,,UNDER_20_MIN,31,False,False,random
random_1008,t47,Random task 48,TASK,r2,2026-10-09,2026-11-03,,MIN_20_TO_60,34,True,False,random
random_1008,t48,Random task 49,TASK,r0,2026-10-10,2026-11-08,,OVER_60_MIN,6,False,False,random
random_1008,t49,Random task 50,TASK,r1,2026-10-01,,,MIN_20_TO_60,42,False,False,random
random_1008,t50,Random task 51,TASK,r5,2026-10-07,2026-11-05,,UNDER_20_MIN,48,False,False,random
random_1008,t51,Random task 52,TASK,r0,2026-09-27,2026-10-16,,UNDER_20_MIN,17,False,False,random
random_1008,t52,Random task 53,TASK,r1,2026-09-26,,,OVER_60_MIN,5,False,False,random
random_1008,t53,Random task 54,TASK,r1,2026-10-10,2026-10-31,,UNDER_20_MIN,48,False,False,random
random_1008,t54,Random task 55,TASK,r4,2026-09-30,2026-10-30,,MIN_20_TO_60,57,True,False,random
random_1008,t55,Random task 56,TASK,r1,2026-10-06,2026-10-30,,MIN_20_TO_60,39,False,False,random
random_1008,t56,Random task 57,TASK,r3,,2026-10-15,,OVER_60_MIN,8,False,False,random
random_1008,t57,Random task 58,TASK,r1,2026-09-23,2026-10-24,,OVER_60_MIN,40,False,False,random
random_1008,t58,Random task 59,TASK,r3,,2026-10-24,,UNDER_20_MIN,64,False,False,random
random_1008,t59,Random task 60,TASK,r3,2026-09-30,,,UNDER_20_MIN,64,False,False,random
random_1008,t60,Random task 61,TASK,r4,2026-10-01,2026-10-08,,MIN_20_TO_60,53,False,False,random
random_1008,t61,Random task 62,TASK,r5,,2026-09-23,,MIN_20_TO_60,34,False,False,random
random_1008,t62,Random task 63,TASK,r1,2026-09-28,2026-10-28,,OVER_60_MIN,24,False,False,random
random_1008,t63,Random task 64,TASK,r0,2026-10-06,2026-10-29,,OVER_60_MIN,31,False,False,random
random_1008,t64,Random task 65,TASK,r0,,,,UNDER_20_MIN,30,False,False,random
random_1008,t65,Random task 66,TASK,r5,,2026-09-22,,UNDER_20_MIN,29,False,False,random
random_1009,r0,Random Root 1,GOAL,,,,,MIN_20_TO_60,,False,False,
random_1009,r1,Random Root 2,GOAL,,,,,MIN_20_TO_60,,False,False,
random_1009,r2,Random Root 3,GOAL,,,,,MIN_20_TO_60,,False,False,
random_1009,r3,Random Root 4,GOAL,,,,,MIN_20_TO_60,,False,False,
random_1009,t0,Random task 1,TASK,r3,,2026-10-24,,UNDER_20_MIN,16,False,False,random
random_1009,t1,Random task 2,TASK,r0,2026-09-26,2026-10-01,,UNDER_20_MIN,7,False,False,random
random_1009,t2,Random task 3,TASK,r3,2026-09-24,,,UNDER_20_MIN,41,False,False,random
random_1009,t3,Random task 4,TASK,r1,2026-09-25,2026-10-25,,MIN_20_TO_60,27,False,False,random
random_1009,t4,Random task 5,TASK,r2,2026-10-04,2026-11-08,,UNDER_20_MIN,9,False,False,random
random_1009,t5,Random task 6,TASK,r2,,,,OVER_60_MIN,5,True,False,random
random_1009,t6,Random task 7,TASK,r1,,,,UNDER_20_MIN,18,False,False,random
random_1009,t7,Random task 8,TASK,r2,2026-10-02,2026-11-06,,MIN_20_TO_60,21,False,False,random
random_1009,t8,Random task 9,TASK,r1,2026-09-25,,,OVER_60_MIN,26,False,False,random
random_1009,t9,Random task 10,TASK,r1,2026-09-28,2026-10-03,,UNDER_20_MIN,4,False,False,random
random_1009,t10,Random task 11,TASK,r3,2026-09-21,2026-10-26,,MIN_20_TO_60,3,False,False,random
random_1009,t11,Random task 12,TASK,r0,,2026-10-21,,OVER_60_MIN,45,True,False,random
random_1009,t12,Random task 13,TASK,r2,2026-10-07,,,UNDER_20_MIN,1,False,False,random
random_1009,t13,Random task 14,TASK,r1,2026-10-08,,,UNDER_20_MIN,3,False,False,random
random_1009,t14,Random task 15,TASK,r3,2026-09-23,2026-09-28,,MIN_20_TO_60,15,True,False,random
random_1009,t15,Random task 16,TASK,r2,,2026-09-28,,UNDER_20_MIN,18,False,False,random
random_1009,t16,Random task 17,TASK,r2,2026-09-23,,,OVER_60_MIN,3,False,False,random
random_1009,t17,Random task 18,TASK,r3,2026-10-01,,2026-10-07,OVER_60_MIN,1,False,True,random
random_1009,t18,Random task 19,TASK,r2,2026-10-02,2026-10-30,2026-10-09,OVER_60_MIN,33,False,True,random
random_1009,t19,Random task 20,TASK,r2,,2026-10-07,,MIN_20_TO_60,19,False,False,random
random_1009,t20,Random task 21,TASK,r3,,2026-09-30,,UNDER_20_MIN,24,False,False,random
random_1009,t21,Random task 22,TASK,r2,2026-10-05,2026-10-20,,MIN_20_TO_60,30,False,False,random
random_1009,t22,Random task 23,TASK,r3,,2026-10-16,,OVER_60_MIN,44,False,False,random
random_1009,t23,Random task 24,TASK,r2,2026-10-10,2026-11-13,,MIN_20_TO_60,8,False,False,random
random_1009,t24,Random task 25,TASK,r1,,,,UNDER_20_MIN,17,False,False,random
random_1009,t25,Random task 26,TASK,r0,,,2026-09-23,MIN_20_TO_60,30,False,True,random
random_1009,t26,Random task 27,TASK,r2,2026-10-03,2026-10-27,,MIN_20_TO_60,9,False,False,random
random_1009,t27,Random task 28,TASK,r0,,,,MIN_20_TO_60,42,True,False,random
random_1009,t28,Random task 29,TASK,r3,2026-09-27,2026-10-17,,MIN_20_TO_60,16,False,False,random
random_1009,t29,Random task 30,TASK,r0,,2026-10-18,,MIN_20_TO_60,20,False,False,random
random_1009,t30,Random task 31,TASK,r2,2026-09-27,2026-10-27,,UNDER_20_MIN,25,False,False,random
random_1009,t31,Random task 32,TASK,r3,,2026-09-24,,OVER_60_MIN,1,False,False,random
random_1009,t32,Random task 33,TASK,r2,2026-10-08,2026-11-04,,MIN_20_TO_60,7,False,False,random
random_1009,t33,Random task 34,TASK,r2,,2026-10-04,,UNDER_20_MIN,27,False,False,random
random_1009,t34,Random task 35,TASK,r3,,2026-10-14,,MIN_20_TO_60,30,False,False,random
random_1009,t35,Random task 36,TASK,r2,2026-09-29,2026-11-03,2026-10-13,UNDER_20_MIN,38,False,True,random
random_1009,t36,Random task 37,TASK,r1,2026-10-06,,,UNDER_20_MIN,38,True,False,random
random_1009,t37,Random task 38,TASK,r3,,2026-10-14,,MIN_20_TO_60,19,False,False,random
random_1009,t38,Random task 39,TASK,r3,2026-10-04,2026-10-20,,MIN_20_TO_60,29,False,False,random
random_1009,t39,Random task 40,TASK,r1,2026-09-29,,,OVER_60_MIN,38,True,False,random
random_1009,t40,Random task 41,TASK,r1,,2026-10-03,,UNDER_20_MIN,19,False,False,random
random_1009,t41,Random task 42,TASK,r0,,2026-10-17,2026-10-12,MIN_20_TO_60,14,False,True,random
random_1009,t42,Random task 43,TASK,r2,,2026-10-10,,UNDER_20_MIN,39,False,False,random
random_1009,t43,Random task 44,TASK,r1,2026-09-22,2026-10-25,,MIN_20_TO_60,23,False,False,random
random_1009,t44,Random task 45,TASK,r3,2026-10-06,2026-10-28,,UNDER_20_MIN,16,False,False,random
random_1010,r0,Random Root 1,GOAL,,,,,MIN_20_TO_60,,False,False,
random_1010,r1,Random Root 2,GOAL,,,,,MIN_20_TO_60,,False,False,
random_1010,r2,Random Root 3,GOAL,,,,,MIN_20_TO_60,,False,False,
random_1010,r3,Random Root 4,GOAL,,,,,MIN_20_TO_60,,False,False,
random_1010,t0,Random task 1,TASK,r0,2026-10-03,2026-10-14,,OVER_60_MIN,14,False,False,random
random_1010,t1,Random task 2,TASK,r2,,2026-09-30,,OVER_60_MIN,48,False,False,random
random_1010,t2,Random task 3,TASK,r0,2026-10-07,2026-10-26,,UNDER_20_MIN,23,False,False,random
random_1010,t3,Random task 4,TASK,r0,2026-10-03,2026-10-10,,UNDER_20_MIN,4,True,False,random
random_1010,t4,Random task 5,TASK,r0,,2026-09-24,,UNDER_20_MIN,9,False,False,random
random_1010,t5,Random task 6,TASK,r2,,,,UNDER_20_MIN,42,False,False,random
random_1010,t6,Random task 7,TASK,r0,,,,UNDER_20_MIN,10,False,False,random
random_1010,t7,Random task 8,TASK,r3,,2026-09-22,,MIN_20_TO_60,15,False,False,random
random_1010,t8,Random task 9,TASK,r2,,,,UNDER_20_MIN,63,False,False,random
random_1010,t9,Random task 10,TASK,r2,2026-09-23,2026-10-26,,OVER_60_MIN,68,False,False,random
random_1010,t10,Random task 11,TASK,r0,,2026-10-06,,UNDER_20_MIN,33,False,False,random
random_1010,t11,Random task 12,TASK,r2,,2026-10-04,,MIN_20_TO_60,17,False,False,random
random_1010,t12,Random task 13,TASK,r3,,2026-10-18,,UNDER_20_MIN,62,False,False,random
random_1010,t13,Random task 14,TASK,r1,,2026-09-30,,OVER_60_MIN,31,False,False,random
random_1010,t14,Random task 15,TASK,r3,2026-10-08,2026-10-28,,OVER_60_MIN,18,False,False,random
random_1010,t15,Random task 16,TASK,r3,,2026-10-22,,MIN_20_TO_60,50,False,False,random
random_1010,t16,Random task 17,TASK,r3,2026-10-07,2026-10-25,,UNDER_20_MIN,47,False,False,random
random_1010,t17,Random task 18,TASK,r3,2026-10-04,2026-10-31,,UNDER_20_MIN,66,False,False,random
random_1010,t18,Random task 19,TASK,r3,,2026-10-16,,OVER_60_MIN,67,False,False,random
random_1010,t19,Random task 20,TASK,r0,2026-09-24,2026-10-23,,UNDER_20_MIN,75,False,False,random
random_1010,t20,Random task 21,TASK,r2,2026-10-09,2026-10-16,,UNDER_20_MIN,69,False,False,random
random_1010,t21,Random task 22,TASK,r0,2026-09-30,2026-10-27,,OVER_60_MIN,40,False,False,random
random_1010,t22,Random task 23,TASK,r3,2026-10-05,2026-10-14,,UNDER_20_MIN,27,False,False,random
random_1010,t23,Random task 24,TASK,r2,2026-10-02,,,OVER_60_MIN,34,False,False,random
random_1010,t24,Random task 25,TASK,r1,2026-10-06,2026-11-01,,UNDER_20_MIN,71,False,False,random
random_1010,t25,Random task 26,TASK,r3,,2026-10-05,,OVER_60_MIN,38,False,False,random
random_1010,t26,Random task 27,TASK,r2,,,,UNDER_20_MIN,25,False,False,random
random_1010,t27,Random task 28,TASK,r0,,2026-10-25,,MIN_20_TO_60,49,False,False,random
random_1010,t28,Random task 29,TASK,r1,2026-09-28,,,OVER_60_MIN,33,False,False,random
random_1010,t29,Random task 30,TASK,r3,,2026-10-09,,OVER_60_MIN,7,False,False,random
random_1010,t30,Random task 31,TASK,r3,,2026-09-21,,MIN_20_TO_60,37,False,False,random
random_1010,t31,Random task 32,TASK,r1,,2026-09-22,,MIN_20_TO_60,15,False,False,random
random_1010,t32,Random task 33,TASK,r2,,2026-09-28,,OVER_60_MIN,11,False,False,random
random_1010,t33,Random task 34,TASK,r0,,2026-10-11,2026-10-04,UNDER_20_MIN,74,False,True,random
random_1010,t34,Random task 35,TASK,r3,2026-09-23,2026-09-27,2026-09-23,MIN_20_TO_60,34,False,True,random
random_1010,t35,Random task 36,TASK,r2,2026-09-29,2026-10-16,,MIN_20_TO_60,5,False,False,random
random_1010,t36,Random task 37,TASK,r0,2026-09-27,,,OVER_60_MIN,64,False,False,random
random_1010,t37,Random task 38,TASK,r1,,2026-10-14,,MIN_20_TO_60,8,False,False,random
random_1010,t38,Random task 39,TASK,r0,,2026-09-27,,UNDER_20_MIN,33,False,False,random
random_1010,t39,Random task 40,TASK,r2,2026-09-23,,2026-10-01,OVER_60_MIN,67,False,True,random
random_1010,t40,Random task 41,TASK,r2,,2026-10-06,,OVER_60_MIN,22,False,False,random
random_1010,t41,Random task 42,TASK,r1,2026-09-29,,,MIN_20_TO_60,35,False,False,random
random_1010,t42,Random task 43,TASK,r3,2026-10-03,2026-10-31,,OVER_60_MIN,39,False,False,random
random_1010,t43,Random task 44,TASK,r0,,,,UNDER_20_MIN,75,False,False,random
random_1010,t44,Random task 45,TASK,r2,,2026-10-04,,UNDER_20_MIN,45,False,False,random
random_1010,t45,Random task 46,TASK,r3,2026-10-03,2026-10-18,,MIN_20_TO_60,16,False,False,random
random_1010,t46,Random task 47,TASK,r2,2026-09-29,2026-10-18,,MIN_20_TO_60,56,False,False,random
random_1010,t47,Random task 48,TASK,r1,2026-09-21,,,MIN_20_TO_60,30,False,False,random
random_1010,t48,Random task 49,TASK,r2,2026-09-27,2026-10-18,,UNDER_20_MIN,59,True,False,random
random_1010,t49,Random task 50,TASK,r3,2026-10-03,2026-10-15,,OVER_60_MIN,4,False,False,random
random_1010,t50,Random task 51,TASK,r1,2026-09-24,2026-10-26,,MIN_20_TO_60,73,False,False,random
random_1010,t51,Random task 52,TASK,r2,,2026-10-07,2026-10-01,OVER_60_MIN,17,False,True,random
random_1010,t52,Random task 53,TASK,r0,2026-09-21,2026-10-18,,OVER_60_MIN,39,False,False,random
random_1010,t53,Random task 54,TASK,r3,2026-09-25,2026-10-26,,UNDER_20_MIN,10,False,False,random
random_1010,t54,Random task 55,TASK,r1,2026-09-28,2026-10-24,,MIN_20_TO_60,48,False,False,random
random_1010,t55,Random task 56,TASK,r3,,2026-09-23,,MIN_20_TO_60,25,False,False,random
random_1010,t56,Random task 57,TASK,r3,2026-10-04,2026-11-01,,UNDER_20_MIN,20,False,False,random
random_1010,t57,Random task 58,TASK,r1,,2026-09-28,,OVER_60_MIN,55,False,False,random
random_1010,t58,Random task 59,TASK,r1,,2026-09-29,,OVER_60_MIN,37,False,False,random
random_1010,t59,Random task 60,TASK,r1,2026-09-24,2026-10-02,,UNDER_20_MIN,6,False,False,random
random_1010,t60,Random task 61,TASK,r3,,2026-10-14,,UNDER_20_MIN,40,True,False,random
random_1010,t61,Random task 62,TASK,r0,,2026-10-24,2026-10-14,UNDER_20_MIN,47,False,True,random
random_1010,t62,Random task 63,TASK,r0,2026-10-04,2026-11-03,2026-10-20,MIN_20_TO_60,28,False,True,random
random_1010,t63,Random task 64,TASK,r1,2026-09-26,2026-10-11,,UNDER_20_MIN,3,False,False,random
random_1010,t64,Random task 65,TASK,r1,,2026-10-07,,MIN_20_TO_60,49,False,False,random
random_1010,t65,Random task 66,TASK,r0,2026-10-07,2026-10-23,,OVER_60_MIN,46,False,False,random
random_1010,t66,Random task 67,TASK,r3,,2026-09-28,,OVER_60_MIN,44,False,False,random
random_1010,t67,Random task 68,TASK,r2,,2026-10-18,,UNDER_20_MIN,71,False,False,random
random_1010,t68,Random task 69,TASK,r1,,2026-10-24,,MIN_20_TO_60,50,False,False,random
random_1010,t69,Random task 70,TASK,r3,2026-09-21,2026-10-19,,UNDER_20_MIN,77,False,False,random
random_1010,t70,Random task 71,TASK,r3,2026-09-26,2026-10-31,,OVER_60_MIN,55,False,False,random
random_1010,t71,Random task 72,TASK,r1,,2026-10-08,,UNDER_20_MIN,10,False,False,random
random_1010,t72,Random task 73,TASK,r2,2026-09-23,2026-10-06,,UNDER_20_MIN,9,False,False,random
random_1010,t73,Random task 74,TASK,r1,,2026-09-28,,UNDER_20_MIN,20,False,False,random
random_1010,t74,Random task 75,TASK,r3,2026-09-25,2026-10-28,,MIN_20_TO_60,53,False,False,random
random_1010,t75,Random task 76,TASK,r3,,2026-10-08,,OVER_60_MIN,19,False,False,random
random_1010,t76,Random task 77,TASK,r2,2026-09-25,2026-10-21,,UNDER_20_MIN,15,False,False,random
random_1010,t77,Random task 78,TASK,r0,2026-09-25,2026-09-29,,OVER_60_MIN,79,False,False,random
random_1010,t78,Random task 79,TASK,r0,,2026-10-04,,OVER_60_MIN,42,False,False,random
random_1011,r0,Random Root 1,GOAL,,,,,MIN_20_TO_60,,False,False,
random_1011,r1,Random Root 2,GOAL,,,,,MIN_20_TO_60,,False,False,
random_1011,r2,Random Root 3,GOAL,,,,,MIN_20_TO_60,,False,False,
random_1011,r3,Random Root 4,GOAL,,,,,MIN_20_TO_60,,False,False,
random_1011,r4,Random Root 5,GOAL,,,,,MIN_20_TO_60,,False,False,
random_1011,t0,Random task 1,TASK,r0,2026-10-04,2026-10-30,,MIN_20_TO_60,17,False,False,random
random_1011,t1,Random task 2,TASK,r3,,,,UNDER_20_MIN,6,False,False,random
random_1011,t2,Random task 3,TASK,r4,2026-09-20,,,UNDER_20_MIN,44,False,False,random
random_1011,t3,Random task 4,TASK,r4,2026-09-23,,,UNDER_20_MIN,31,False,False,random
random_1011,t4,Random task 5,TASK,r1,2026-09-22,2026-10-02,,MIN_20_TO_60,7,False,False,random
random_1011,t5,Random task 6,TASK,r3,2026-09-25,2026-10-06,,UNDER_20_MIN,10,True,False,random
random_1011,t6,Random task 7,TASK,r2,2026-09-28,2026-10-11,2026-10-05,OVER_60_MIN,60,True,True,random
random_1011,t7,Random task 8,TASK,r1,,2026-10-01,,MIN_20_TO_60,48,False,False,random
random_1011,t8,Random task 9,TASK,r2,2026-10-04,2026-10-06,,UNDER_20_MIN,6,False,False,random
random_1011,t9,Random task 10,TASK,r0,,2026-10-08,,UNDER_20_MIN,37,False,False,random
random_1011,t10,Random task 11,TASK,r3,2026-10-07,2026-10-21,,MIN_20_TO_60,60,False,False,random
random_1011,t11,Random task 12,TASK,r1,,,,MIN_20_TO_60,11,True,False,random
random_1011,t12,Random task 13,TASK,r2,2026-10-03,2026-10-19,,OVER_60_MIN,19,False,False,random
random_1011,t13,Random task 14,TASK,r0,,2026-10-16,,OVER_60_MIN,4,True,False,random
random_1011,t14,Random task 15,TASK,r1,,2026-10-09,2026-10-08,MIN_20_TO_60,8,False,True,random
random_1011,t15,Random task 16,TASK,r3,,,,OVER_60_MIN,45,False,False,random
random_1011,t16,Random task 17,TASK,r4,2026-10-09,2026-10-30,,OVER_60_MIN,9,False,False,random
random_1011,t17,Random task 18,TASK,r3,,2026-09-25,,UNDER_20_MIN,50,False,False,random
random_1011,t18,Random task 19,TASK,r2,2026-10-10,2026-11-03,,OVER_60_MIN,54,False,False,random
random_1011,t19,Random task 20,TASK,r3,,2026-10-13,,UNDER_20_MIN,24,False,False,random
random_1011,t20,Random task 21,TASK,r4,2026-09-23,2026-10-17,,UNDER_20_MIN,8,False,False,random
random_1011,t21,Random task 22,TASK,r3,,2026-10-08,,UNDER_20_MIN,17,False,False,random
random_1011,t22,Random task 23,TASK,r2,2026-09-22,2026-10-22,,OVER_60_MIN,58,False,False,random
random_1011,t23,Random task 24,TASK,r0,2026-09-23,2026-10-03,2026-09-29,UNDER_20_MIN,50,False,True,random
random_1011,t24,Random task 25,TASK,r1,2026-09-29,2026-10-30,,UNDER_20_MIN,15,False,False,random
random_1011,t25,Random task 26,TASK,r0,2026-09-26,2026-09-27,,MIN_20_TO_60,4,False,False,random
random_1011,t26,Random task 27,TASK,r3,,2026-09-30,,MIN_20_TO_60,16,False,False,random
random_1011,t27,Random task 28,TASK,r3,,,,UNDER_20_MIN,42,False,False,random
random_1011,t28,Random task 29,TASK,r3,2026-09-22,2026-10-18,,OVER_60_MIN,7,False,False,random
random_1011,t29,Random task 30,TASK,r3,,2026-10-18,2026-10-04,MIN_20_TO_60,46,False,True,random
random_1011,t30,Random task 31,TASK,r3,,2026-10-19,2026-10-05,MIN_20_TO_60,34,False,True,random
random_1011,t31,Random task 32,TASK,r4,2026-09-23,2026-10-14,,OVER_60_MIN,21,False,False,random
random_1011,t32,Random task 33,TASK,r0,2026-09-21,2026-09-26,,MIN_20_TO_60,12,False,False,random
random_1011,t33,Random task 34,TASK,r4,,,,MIN_20_TO_60,19,False,False,random
random_1011,t34,Random task 35,TASK,r3,,2026-09-25,,OVER_60_MIN,40,False,False,random
random_1011,t35,Random task 36,TASK,r2,2026-09-20,2026-09-29,,UNDER_20_MIN,8,False,False,random
random_1011,t36,Random task 37,TASK,r0,2026-10-04,,,MIN_20_TO_60,6,False,False,random
random_1011,t37,Random task 38,TASK,r0,2026-10-02,2026-10-05,,UNDER_20_MIN,24,False,False,random
random_1011,t38,Random task 39,TASK,r2,2026-09-23,2026-10-06,,MIN_20_TO_60,7,False,False,random
random_1011,t39,Random task 40,TASK,r0,2026-10-09,,2026-10-22,OVER_60_MIN,21,False,True,random
random_1011,t40,Random task 41,TASK,r1,,2026-09-25,,MIN_20_TO_60,8,False,False,random
random_1011,t41,Random task 42,TASK,r1,2026-09-26,2026-10-23,,OVER_60_MIN,6,False,False,random
random_1011,t42,Random task 43,TASK,r0,2026-09-21,2026-09-30,,UNDER_20_MIN,44,False,False,random
random_1011,t43,Random task 44,TASK,r4,,,,MIN_20_TO_60,46,False,False,random
random_1011,t44,Random task 45,TASK,r1,2026-10-05,2026-11-09,,UNDER_20_MIN,10,False,False,random
random_1011,t45,Random task 46,TASK,r3,,2026-10-08,,OVER_60_MIN,6,False,False,random
random_1011,t46,Random task 47,TASK,r0,2026-09-20,,,MIN_20_TO_60,7,False,False,random
random_1011,t47,Random task 48,TASK,r1,2026-09-26,,,MIN_20_TO_60,52,False,False,random
random_1011,t48,Random task 49,TASK,r1,,2026-10-14,,OVER_60_MIN,45,False,False,random
random_1011,t49,Random task 50,TASK,r2,,2026-10-01,,OVER_60_MIN,7,False,False,random
random_1011,t50,Random task 51,TASK,r1,,2026-10-17,,UNDER_20_MIN,12,False,False,random
random_1011,t51,Random task 52,TASK,r4,,,,OVER_60_MIN,38,False,False,random
random_1011,t52,Random task 53,TASK,r1,2026-09-23,2026-10-19,,UNDER_20_MIN,35,False,False,random
random_1011,t53,Random task 54,TASK,r4,2026-09-28,2026-10-05,,MIN_20_TO_60,17,False,False,random
random_1011,t54,Random task 55,TASK,r2,,2026-09-27,,MIN_20_TO_60,61,False,False,random
random_1011,t55,Random task 56,TASK,r3,,2026-10-17,,MIN_20_TO_60,59,False,False,random
random_1011,t56,Random task 57,TASK,r0,2026-09-24,,,MIN_20_TO_60,12,False,False,random
random_1011,t57,Random task 58,TASK,r1,2026-09-28,2026-10-28,2026-10-23,OVER_60_MIN,51,False,True,random
random_1011,t58,Random task 59,TASK,r3,2026-09-26,2026-10-10,2026-09-29,OVER_60_MIN,4,False,True,random
random_1011,t59,Random task 60,TASK,r0,2026-09-20,,,OVER_60_MIN,32,False,False,random
random_1011,t60,Random task 61,TASK,r4,,,,MIN_20_TO_60,41,False,False,random
random_1012,r0,Random Root 1,GOAL,,,,,MIN_20_TO_60,,False,False,
random_1012,r1,Random Root 2,GOAL,,,,,MIN_20_TO_60,,False,False,
random_1012,r2,Random Root 3,GOAL,,,,,MIN_20_TO_60,,False,False,
random_1012,r3,Random Root 4,GOAL,,,,,MIN_20_TO_60,,False,False,
random_1012,r4,Random Root 5,GOAL,,,,,MIN_20_TO_60,,False,False,
random_1012,t0,Random task 1,TASK,r1,2026-10-09,2026-10-11,,OVER_60_MIN,35,False,False,random
random_1012,t1,Random task 2,TASK,r1,2026-09-20,2026-10-16,,UNDER_20_MIN,15,False,False,random
random_1012,t2,Random task 3,TASK,r3,,2026-10-01,,MIN_20_TO_60,36,False,False,random
random_1012,t3,Random task 4,TASK,r3,,2026-10-25,,UNDER_20_MIN,1,False,False,random
random_1012,t4,Random task 5,TASK,r2,,2026-09-25,,UNDER_20_MIN,12,False,False,random
random_1012,t5,Random task 6,TASK,r1,2026-09-21,2026-10-03,,OVER_60_MIN,55,False,False,random
random_1012,t6,Random task 7,TASK,r4,2026-10-07,2026-10-29,,OVER_60_MIN,7,False,False,random
random_1012,t7,Random task 8,TASK,r4,2026-10-01,2026-10-05,,UNDER_20_MIN,16,False,False,random
random_1012,t8,Random task 9,TASK,r1,2026-09-23,2026-09-26,,MIN_20_TO_60,49,False,False,random
random_1012,t9,Random task 10,TASK,r0,,2026-10-23,,UNDER_20_MIN,42,False,False,random
random_1012,t10,Random task 11,TASK,r2,2026-09-24,2026-10-13,,MIN_20_TO_60,12,False,False,random
random_1012,t11,Random task 12,TASK,r2,,,,OVER_60_MIN,29,False,False,random
random_1012,t12,Random task 13,TASK,r2,2026-09-24,2026-10-16,,MIN_20_TO_60,45,False,False,random
random_1012,t13,Random task 14,TASK,r4,,,,MIN_20_TO_60,23,False,False,random
random_1012,t14,Random task 15,TASK,r3,,2026-10-04,2026-09-22,UNDER_20_MIN,7,False,True,random
random_1012,t15,Random task 16,TASK,r4,,2026-10-12,,UNDER_20_MIN,45,False,False,random
random_1012,t16,Random task 17,TASK,r1,,2026-10-08,,OVER_60_MIN,36,False,False,random
random_1012,t17,Random task 18,TASK,r2,2026-10-10,2026-10-14,,UNDER_20_MIN,17,False,False,random
random_1012,t18,Random task 19,TASK,r1,2026-09-21,2026-10-01,,UNDER_20_MIN,55,False,False,random
random_1012,t19,Random task 20,TASK,r4,,2026-10-07,,UNDER_20_MIN,32,False,False,random
random_1012,t20,Random task 21,TASK,r2,2026-09-20,2026-10-15,2026-10-15,UNDER_20_MIN,24,False,True,random
random_1012,t21,Random task 22,TASK,r2,2026-09-26,2026-09-30,,OVER_60_MIN,35,False,False,random
random_1012,t22,Random task 23,TASK,r4,,2026-10-07,,MIN_20_TO_60,29,False,False,random
random_1012,t23,Random task 24,TASK,r4,,2026-10-06,2026-10-02,UNDER_20_MIN,2,False,True,random
random_1012,t24,Random task 25,TASK,r4,,2026-09-30,,OVER_60_MIN,40,False,False,random
random_1012,t25,Random task 26,TASK,r1,,,,UNDER_20_MIN,21,False,False,random
random_1012,t26,Random task 27,TASK,r3,2026-09-21,,,MIN_20_TO_60,55,False,False,random
random_1012,t27,Random task 28,TASK,r0,,2026-10-10,,OVER_60_MIN,51,False,False,random
random_1012,t28,Random task 29,TASK,r4,,2026-09-24,,OVER_60_MIN,3,False,False,random
random_1012,t29,Random task 30,TASK,r3,,2026-10-09,,MIN_20_TO_60,8,False,False,random
random_1012,t30,Random task 31,TASK,r1,,2026-09-25,,UNDER_20_MIN,43,False,False,random
random_1012,t31,Random task 32,TASK,r2,,2026-10-03,,UNDER_20_MIN,29,False,False,random
random_1012,t32,Random task 33,TASK,r4,2026-09-22,2026-10-22,,MIN_20_TO_60,13,False,False,random
random_1012,t33,Random task 34,TASK,r2,2026-09-22,2026-10-09,,UNDER_20_MIN,1,True,False,random
random_1012,t34,Random task 35,TASK,r4,2026-09-28,,2026-09-30,OVER_60_MIN,12,False,True,random
random_1012,t35,Random task 36,TASK,r3,2026-09-26,2026-09-27,,OVER_60_MIN,43,False,False,random
random_1012,t36,Random task 37,TASK,r3,2026-10-07,2026-10-10,,UNDER_20_MIN,10,False,False,random
random_1012,t37,Random task 38,TASK,r3,2026-09-30,2026-10-25,,UNDER_20_MIN,49,False,False,random
random_1012,t38,Random task 39,TASK,r4,,2026-10-18,,MIN_20_TO_60,23,False,False,random
random_1012,t39,Random task 40,TASK,r4,,2026-10-03,,OVER_60_MIN,41,False,False,random
random_1012,t40,Random task 41,TASK,r4,,2026-10-03,2026-09-30,MIN_20_TO_60,47,False,True,random
random_1012,t41,Random task 42,TASK,r1,2026-09-21,2026-10-16,,MIN_20_TO_60,50,False,False,random
random_1012,t42,Random task 43,TASK,r3,2026-10-08,2026-10-27,,MIN_20_TO_60,55,False,False,random
random_1012,t43,Random task 44,TASK,r2,2026-10-04,2026-10-21,,UNDER_20_MIN,25,False,False,random
random_1012,t44,Random task 45,TASK,r0,2026-09-23,2026-10-26,,OVER_60_MIN,14,False,False,random
random_1012,t45,Random task 46,TASK,r2,,2026-10-11,,MIN_20_TO_60,40,False,False,random
random_1012,t46,Random task 47,TASK,r0,2026-09-20,2026-10-10,,OVER_60_MIN,13,False,False,random
random_1012,t47,Random task 48,TASK,r3,2026-10-07,,,MIN_20_TO_60,33,False,False,random
random_1012,t48,Random task 49,TASK,r2,,2026-10-14,,MIN_20_TO_60,43,False,False,random
random_1012,t49,Random task 50,TASK,r4,,2026-10-17,,OVER_60_MIN,12,False,False,random
random_1012,t50,Random task 51,TASK,r1,,2026-10-07,,MIN_20_TO_60,19,False,False,random
random_1012,t51,Random task 52,TASK,r0,,2026-10-04,,UNDER_20_MIN,1,False,False,random
random_1012,t52,Random task 53,TASK,r1,2026-10-07,2026-10-13,,UNDER_20_MIN,24,False,False,random
random_1012,t53,Random task 54,TASK,r0,2026-10-05,2026-11-06,,OVER_60_MIN,8,False,False,random
random_1012,t54,Random task 55,TASK,r3,2026-10-07,2026-10-17,,MIN_20_TO_60,44,False,False,random
random_1013,r0,Random Root 1,GOAL,,,,,MIN_20_TO_60,,False,False,
random_1013,r1,Random Root 2,GOAL,,,,,MIN_20_TO_60,,False,False,
random_1013,r2,Random Root 3,GOAL,,,,,MIN_20_TO_60,,False,False,
random_1013,r3,Random Root 4,GOAL,,,,,MIN_20_TO_60,,False,False,
random_1013,r4,Random Root 5,GOAL,,,,,MIN_20_TO_60,,False,False,
random_1013,r5,Random Root 6,GOAL,,,,,MIN_20_TO_60,,False,False,
random_1013,t0,Random task 1,TASK,r5,,2026-10-02,,UNDER_20_MIN,59,True,False,random
random_1013,t1,Random task 2,TASK,r1,,2026-09-21,,UNDER_20_MIN,42,False,False,random
random_1013,t2,Random task 3,TASK,r1,2026-09-25,,,MIN_20_TO_60,44,False,False,random
random_1013,t3,Random task 4,TASK,r1,2026-09-24,2026-10-20,,UNDER_20_MIN,31,False,False,random
random_1013,t4,Random task 5,TASK,r1,2026-10-10,2026-10-29,,OVER_60_MIN,2,False,False,random
random_1013,t5,Random task 6,TASK,r5,,2026-10-14,,MIN_20_TO_60,5,False,False,random
random_1013,t6,Random task 7,TASK,r2,2026-10-05,2026-11-02,,MIN_20_TO_60,21,False,False,random
random_1013,t7,Random task 8,TASK,r5,2026-09-27,2026-10-25,2026-10-02,OVER_60_MIN,39,False,True,random
random_1013,t8,Random task 9,TASK,r2,2026-09-22,2026-10-11,,UNDER_20_MIN,24,False,False,random
random_1013,t9,Random task 10,TASK,r2,,2026-10-25,,OVER_60_MIN,57,True,False,random
random_1013,t10,Random task 11,TASK,r5,,,,MIN_20_TO_60,37,False,False,random
random_1013,t11,Random task 12,TASK,r5,,2026-09-23,,UNDER_20_MIN,51,False,False,random
random_1013,t12,Random task 13,TASK,r1,2026-10-02,,,UNDER_20_MIN,3,False,False,random
random_1013,t13,Random task 14,TASK,r3,2026-09-21,2026-10-06,,UNDER_20_MIN,45,False,False,random
random_1013,t14,Random task 15,TASK,r5,2026-10-07,2026-10-25,,OVER_60_MIN,47,False,False,random
random_1013,t15,Random task 16,TASK,r3,2026-09-28,2026-10-17,2026-09-30,UNDER_20_MIN,47,False,True,random
random_1013,t16,Random task 17,TASK,r5,,2026-10-12,,OVER_60_MIN,33,False,False,random
random_1013,t17,Random task 18,TASK,r4,2026-09-28,2026-10-02,,UNDER_20_MIN,6,False,False,random
random_1013,t18,Random task 19,TASK,r2,,2026-10-13,2026-10-02,UNDER_20_MIN,12,False,True,random
random_1013,t19,Random task 20,TASK,r1,,,,UNDER_20_MIN,49,False,False,random
random_1013,t20,Random task 21,TASK,r4,2026-10-06,2026-11-09,,UNDER_20_MIN,24,False,False,random
random_1013,t21,Random task 22,TASK,r2,2026-09-30,2026-10-28,,OVER_60_MIN,31,False,False,random
random_1013,t22,Random task 23,TASK,r0,2026-09-28,2026-10-30,,UNDER_20_MIN,35,False,False,random
random_1013,t23,Random task 24,TASK,r0,2026-09-20,2026-10-10,,OVER_60_MIN,37,False,False,random
random_1013,t24,Random task 25,TASK,r0,2026-10-10,,,MIN_20_TO_60,34,False,False,random
random_1013,t25,Random task 26,TASK,r5,,2026-10-17,,UNDER_20_MIN,44,False,False,random
random_1013,t26,Random task 27,TASK,r2,,2026-10-14,,UNDER_20_MIN,42,True,False,random
random_1013,t27,Random task 28,TASK,r2,2026-09-25,2026-10-25,,OVER_60_MIN,31,False,False,random
random_1013,t28,Random task 29,TASK,r0,2026-09-21,2026-10-02,,MIN_20_TO_60,37,False,False,random
random_1013,t29,Random task 30,TASK,r0,2026-10-06,2026-11-06,,UNDER_20_MIN,16,False,False,random
random_1013,t30,Random task 31,TASK,r0,,2026-09-28,,OVER_60_MIN,43,False,False,random
random_1013,t31,Random task 32,TASK,r4,2026-10-09,2026-11-02,,MIN_20_TO_60,32,False,False,random
random_1013,t32,Random task 33,TASK,r5,,2026-10-16,,MIN_20_TO_60,1,False,False,random
random_1013,t33,Random task 34,TASK,r4,,2026-09-25,,MIN_20_TO_60,43,False,False,random
random_1013,t34,Random task 35,TASK,r0,2026-10-03,,,OVER_60_MIN,39,False,False,random
random_1013,t35,Random task 36,TASK,r3,2026-10-08,2026-11-03,2026-10-14,MIN_20_TO_60,13,True,True,random
random_1013,t36,Random task 37,TASK,r1,2026-10-08,2026-10-19,,MIN_20_TO_60,61,False,False,random
random_1013,t37,Random task 38,TASK,r2,,2026-09-23,,UNDER_20_MIN,43,False,False,random
random_1013,t38,Random task 39,TASK,r0,2026-09-20,2026-10-17,,UNDER_20_MIN,10,False,False,random
random_1013,t39,Random task 40,TASK,r5,,2026-10-19,,UNDER_20_MIN,40,False,False,random
random_1013,t40,Random task 41,TASK,r2,2026-09-22,2026-10-19,,UNDER_20_MIN,59,True,False,random
random_1013,t41,Random task 42,TASK,r5,,,,OVER_60_MIN,31,False,False,random
random_1013,t42,Random task 43,TASK,r4,2026-09-28,2026-10-29,,MIN_20_TO_60,34,False,False,random
random_1013,t43,Random task 44,TASK,r5,2026-09-24,2026-10-16,,MIN_20_TO_60,9,False,False,random
random_1013,t44,Random task 45,TASK,r4,,,,MIN_20_TO_60,33,False,False,random
random_1013,t45,Random task 46,TASK,r4,,2026-10-25,,MIN_20_TO_60,48,False,False,random
random_1013,t46,Random task 47,TASK,r3,2026-10-09,2026-10-22,,MIN_20_TO_60,14,False,False,random
random_1013,t47,Random task 48,TASK,r5,,2026-10-03,,UNDER_20_MIN,56,False,False,random
random_1013,t48,Random task 49,TASK,r0,,2026-10-19,,OVER_60_MIN,1,False,False,random
random_1013,t49,Random task 50,TASK,r3,2026-09-20,2026-10-16,,MIN_20_TO_60,49,False,False,random
random_1013,t50,Random task 51,TASK,r4,,2026-10-19,,OVER_60_MIN,32,False,False,random
random_1013,t51,Random task 52,TASK,r4,2026-10-03,2026-10-27,,UNDER_20_MIN,52,False,False,random
random_1013,t52,Random task 53,TASK,r0,,2026-10-21,,MIN_20_TO_60,29,False,False,random
random_1013,t53,Random task 54,TASK,r4,2026-09-30,,,OVER_60_MIN,15,False,False,random
random_1013,t54,Random task 55,TASK,r5,2026-10-06,,,MIN_20_TO_60,23,True,False,random
random_1013,t55,Random task 56,TASK,r5,2026-10-04,2026-10-16,,OVER_60_MIN,43,False,False,random
random_1013,t56,Random task 57,TASK,r5,,2026-10-10,,UNDER_20_MIN,30,False,False,random
random_1013,t57,Random task 58,TASK,r1,2026-10-03,2026-10-06,,MIN_20_TO_60,40,False,False,random
random_1013,t58,Random task 59,TASK,r2,2026-09-28,2026-09-30,,MIN_20_TO_60,53,False,False,random
random_1013,t59,Random task 60,TASK,r3,,2026-10-06,,OVER_60_MIN,52,False,False,random
random_1013,t60,Random task 61,TASK,r4,2026-10-06,,,MIN_20_TO_60,50,False,False,random
random_1014,r0,Random Root 1,GOAL,,,,,MIN_20_TO_60,,False,False,
random_1014,r1,Random Root 2,GOAL,,,,,MIN_20_TO_60,,False,False,
random_1014,r2,Random Root 3,GOAL,,,,,MIN_20_TO_60,,False,False,
random_1014,t0,Random task 1,TASK,r1,2026-10-03,2026-10-15,,OVER_60_MIN,52,False,False,random
random_1014,t1,Random task 2,TASK,r2,2026-09-20,2026-10-04,,OVER_60_MIN,34,False,False,random
random_1014,t2,Random task 3,TASK,r1,,2026-10-24,,UNDER_20_MIN,16,True,False,random
random_1014,t3,Random task 4,TASK,r1,2026-10-05,2026-10-28,2026-10-22,UNDER_20_MIN,56,False,True,random
random_1014,t4,Random task 5,TASK,r2,2026-09-23,2026-10-07,2026-09-24,UNDER_20_MIN,47,False,True,random
random_1014,t5,Random task 6,TASK,r2,2026-10-02,2026-10-10,,UNDER_20_MIN,29,False,False,random
random_1014,t6,Random task 7,TASK,r0,,,,MIN_20_TO_60,26,False,False,random
random_1014,t7,Random task 8,TASK,r1,2026-09-24,2026-10-01,,UNDER_20_MIN,1,False,False,random
random_1014,t8,Random task 9,TASK,r2,2026-10-06,2026-10-29,,UNDER_20_MIN,50,False,False,random
random_1014,t9,Random task 10,TASK,r1,2026-10-01,2026-10-17,,OVER_60_MIN,3,False,False,random
random_1014,t10,Random task 11,TASK,r0,,2026-10-17,,UNDER_20_MIN,9,False,False,random
random_1014,t11,Random task 12,TASK,r1,2026-09-26,2026-10-27,,OVER_60_MIN,16,False,False,random
random_1014,t12,Random task 13,TASK,r2,,2026-10-18,,UNDER_20_MIN,21,False,False,random
random_1014,t13,Random task 14,TASK,r1,2026-10-02,,,MIN_20_TO_60,8,False,False,random
random_1014,t14,Random task 15,TASK,r1,2026-10-07,2026-11-08,,UNDER_20_MIN,16,True,False,random
random_1014,t15,Random task 16,TASK,r1,2026-09-22,,,OVER_60_MIN,2,False,False,random
random_1014,t16,Random task 17,TASK,r1,,2026-10-02,2026-09-23,UNDER_20_MIN,28,False,True,random
random_1014,t17,Random task 18,TASK,r0,2026-09-21,2026-10-10,,OVER_60_MIN,51,False,False,random
random_1014,t18,Random task 19,TASK,r1,2026-09-23,2026-10-15,,OVER_60_MIN,60,False,False,random
random_1014,t19,Random task 20,TASK,r0,2026-10-07,2026-10-31,,MIN_20_TO_60,28,False,False,random
random_1014,t20,Random task 21,TASK,r1,2026-09-27,2026-10-04,2026-10-03,MIN_20_TO_60,41,False,True,random
random_1014,t21,Random task 22,TASK,r2,2026-10-10,2026-11-08,,OVER_60_MIN,59,False,False,random
random_1014,t22,Random task 23,TASK,r1,2026-09-24,2026-10-14,,UNDER_20_MIN,23,False,False,random
random_1014,t23,Random task 24,TASK,r0,2026-10-07,2026-10-11,,MIN_20_TO_60,31,False,False,random
random_1014,t24,Random task 25,TASK,r0,,2026-10-09,,UNDER_20_MIN,48,False,False,random
random_1014,t25,Random task 26,TASK,r1,2026-10-10,2026-11-13,,MIN_20_TO_60,42,False,False,random
random_1014,t26,Random task 27,TASK,r0,2026-10-04,,,MIN_20_TO_60,21,False,False,random
random_1014,t27,Random task 28,TASK,r2,,2026-10-06,,MIN_20_TO_60,54,False,False,random
random_1014,t28,Random task 29,TASK,r1,2026-10-01,2026-10-24,,OVER_60_MIN,24,False,False,random
random_1014,t29,Random task 30,TASK,r2,,2026-09-30,,OVER_60_MIN,43,False,False,random
random_1014,t30,Random task 31,TASK,r0,,2026-09-22,,UNDER_20_MIN,12,False,False,random
random_1014,t31,Random task 32,TASK,r0,2026-10-08,2026-10-21,,UNDER_20_MIN,35,True,False,random
random_1014,t32,Random task 33,TASK,r2,,2026-10-10,,MIN_20_TO_60,41,False,False,random
random_1014,t33,Random task 34,TASK,r0,,2026-10-03,,MIN_20_TO_60,45,False,False,random
random_1014,t34,Random task 35,TASK,r1,2026-09-24,2026-10-12,,OVER_60_MIN,44,False,False,random
random_1014,t35,Random task 36,TASK,r2,2026-10-01,2026-10-17,,OVER_60_MIN,23,False,False,random
random_1014,t36,Random task 37,TASK,r0,2026-10-10,2026-10-13,,OVER_60_MIN,37,False,False,random
random_1014,t37,Random task 38,TASK,r2,2026-10-02,2026-10-20,2026-10-04,OVER_60_MIN,1,False,True,random
random_1014,t38,Random task 39,TASK,r0,2026-09-30,2026-10-09,,OVER_60_MIN,44,False,False,random
random_1014,t39,Random task 40,TASK,r0,2026-10-08,,,OVER_60_MIN,24,False,False,random
random_1014,t40,Random task 41,TASK,r0,,2026-10-16,,UNDER_20_MIN,13,False,False,random
random_1014,t41,Random task 42,TASK,r1,2026-09-30,2026-11-02,2026-11-01,OVER_60_MIN,60,False,True,random
random_1014,t42,Random task 43,TASK,r0,2026-09-30,2026-10-25,,MIN_20_TO_60,52,False,False,random
random_1014,t43,Random task 44,TASK,r2,,2026-09-25,,OVER_60_MIN,10,False,False,random
random_1014,t44,Random task 45,TASK,r0,,2026-10-12,,OVER_60_MIN,36,False,False,random
random_1014,t45,Random task 46,TASK,r0,2026-09-29,2026-10-19,,MIN_20_TO_60,31,False,False,random
random_1014,t46,Random task 47,TASK,r1,2026-09-27,2026-10-05,2026-10-01,UNDER_20_MIN,38,False,True,random
random_1014,t47,Random task 48,TASK,r1,,2026-10-15,,MIN_20_TO_60,37,True,False,random
random_1014,t48,Random task 49,TASK,r0,2026-09-26,,,UNDER_20_MIN,36,False,False,random
random_1014,t49,Random task 50,TASK,r1,2026-10-04,2026-10-19,,MIN_20_TO_60,51,False,False,random
random_1014,t50,Random task 51,TASK,r2,,,,OVER_60_MIN,21,False,False,random
random_1014,t51,Random task 52,TASK,r0,2026-10-09,2026-11-04,,OVER_60_MIN,4,False,False,random
random_1014,t52,Random task 53,TASK,r2,,,,UNDER_20_MIN,52,False,False,random
random_1014,t53,Random task 54,TASK,r1,,2026-10-17,,MIN_20_TO_60,48,False,False,random
random_1014,t54,Random task 55,TASK,r2,,2026-09-30,,MIN_20_TO_60,31,False,False,random
random_1014,t55,Random task 56,TASK,r1,,2026-10-09,,MIN_20_TO_60,2,False,False,random
random_1014,t56,Random task 57,TASK,r1,2026-09-27,2026-10-04,,MIN_20_TO_60,16,True,False,random
random_1014,t57,Random task 58,TASK,r2,2026-10-10,2026-11-08,,MIN_20_TO_60,52,False,False,random
random_1014,t58,Random task 59,TASK,r0,2026-10-03,2026-11-05,,UNDER_20_MIN,43,False,False,random
random_1014,t59,Random task 60,TASK,r1,2026-10-01,2026-10-31,,MIN_20_TO_60,34,False,False,random
random_1015,r0,Random Root 1,GOAL,,,,,MIN_20_TO_60,,False,False,
random_1015,r1,Random Root 2,GOAL,,,,,MIN_20_TO_60,,False,False,
random_1015,r2,Random Root 3,GOAL,,,,,MIN_20_TO_60,,False,False,
random_1015,t0,Random task 1,TASK,r1,2026-10-02,2026-10-20,,OVER_60_MIN,62,False,False,random
random_1015,t1,Random task 2,TASK,r2,,,,MIN_20_TO_60,43,False,False,random
random_1015,t2,Random task 3,TASK,r2,2026-09-27,2026-10-17,,OVER_60_MIN,49,False,False,random
random_1015,t3,Random task 4,TASK,r0,2026-09-29,,,OVER_60_MIN,27,False,False,random
random_1015,t4,Random task 5,TASK,r0,2026-09-25,,,UNDER_20_MIN,2,True,False,random
random_1015,t5,Random task 6,TASK,r0,2026-10-05,2026-10-14,,UNDER_20_MIN,50,False,False,random
random_1015,t6,Random task 7,TASK,r2,2026-10-07,2026-11-04,,UNDER_20_MIN,56,False,False,random
random_1015,t7,Random task 8,TASK,r0,,2026-10-12,,OVER_60_MIN,55,False,False,random
random_1015,t8,Random task 9,TASK,r2,2026-09-24,2026-10-06,2026-09-29,MIN_20_TO_60,27,False,True,random
random_1015,t9,Random task 10,TASK,r0,,2026-10-01,,OVER_60_MIN,42,False,False,random
random_1015,t10,Random task 11,TASK,r1,2026-09-24,2026-09-26,,MIN_20_TO_60,63,True,False,random
random_1015,t11,Random task 12,TASK,r0,,2026-10-22,,OVER_60_MIN,35,False,False,random
random_1015,t12,Random task 13,TASK,r1,,2026-09-22,,UNDER_20_MIN,12,False,False,random
random_1015,t13,Random task 14,TASK,r2,2026-10-01,2026-10-28,,UNDER_20_MIN,31,False,False,random
random_1015,t14,Random task 15,TASK,r2,,2026-10-04,,OVER_60_MIN,30,False,False,random
random_1015,t15,Random task 16,TASK,r1,2026-09-29,2026-10-27,,UNDER_20_MIN,22,False,False,random
random_1015,t16,Random task 17,TASK,r2,2026-09-21,2026-10-05,,UNDER_20_MIN,64,False,False,random
random_1015,t17,Random task 18,TASK,r2,,2026-10-22,,UNDER_20_MIN,46,False,False,random
random_1015,t18,Random task 19,TASK,r2,,2026-10-25,,OVER_60_MIN,12,False,False,random
random_1015,t19,Random task 20,TASK,r1,2026-09-23,2026-10-14,,OVER_60_MIN,23,False,False,random
random_1015,t20,Random task 21,TASK,r0,,2026-10-01,,MIN_20_TO_60,58,False,False,random
random_1015,t21,Random task 22,TASK,r2,2026-10-05,2026-10-06,,UNDER_20_MIN,5,False,False,random
random_1015,t22,Random task 23,TASK,r2,2026-10-01,,,MIN_20_TO_60,11,False,False,random
random_1015,t23,Random task 24,TASK,r0,,,,OVER_60_MIN,4,False,False,random
random_1015,t24,Random task 25,TASK,r2,2026-10-03,2026-10-14,,UNDER_20_MIN,60,False,False,random
random_1015,t25,Random task 26,TASK,r0,2026-09-30,2026-10-16,,MIN_20_TO_60,47,False,False,random
random_1015,t26,Random task 27,TASK,r2,,,2026-10-02,OVER_60_MIN,60,False,True,random
random_1015,t27,Random task 28,TASK,r2,,,,OVER_60_MIN,1,False,False,random
random_1015,t28,Random task 29,TASK,r2,2026-10-10,2026-10-31,,OVER_60_MIN,35,False,False,random
random_1015,t29,Random task 30,TASK,r1,2026-10-07,2026-10-10,,UNDER_20_MIN,39,False,False,random
random_1015,t30,Random task 31,TASK,r1,,,,MIN_20_TO_60,62,False,False,random
random_1015,t31,Random task 32,TASK,r2,,,,MIN_20_TO_60,55,False,False,random
random_1015,t32,Random task 33,TASK,r1,2026-10-01,,,MIN_20_TO_60,22,False,False,random
random_1015,t33,Random task 34,TASK,r2,,2026-09-21,,UNDER_20_MIN,9,False,False,random
random_1015,t34,Random task 35,TASK,r1,,2026-10-07,,UNDER_20_MIN,48,False,False,random
random_1015,t35,Random task 36,TASK,r0,,2026-10-06,,OVER_60_MIN,48,False,False,random
random_1015,t36,Random task 37,TASK,r1,2026-10-07,2026-10-23,,MIN_20_TO_60,52,False,False,random
random_1015,t37,Random task 38,TASK,r0,2026-10-01,2026-10-23,,MIN_20_TO_60,17,False,False,random
random_1015,t38,Random task 39,TASK,r1,,2026-10-06,,MIN_20_TO_60,39,False,False,random
random_1015,t39,Random task 40,TASK,r1,,2026-09-22,,OVER_60_MIN,33,False,False,random
random_1015,t40,Random task 41,TASK,r2,2026-10-02,2026-10-17,,MIN_20_TO_60,6,False,False,random
random_1015,t41,Random task 42,TASK,r0,,2026-09-29,,UNDER_20_MIN,18,False,False,random
random_1015,t42,Random task 43,TASK,r2,2026-10-06,,,MIN_20_TO_60,7,True,False,random
random_1015,t43,Random task 44,TASK,r0,2026-10-05,2026-10-15,,OVER_60_MIN,5,False,False,random
random_1015,t44,Random task 45,TASK,r0,2026-09-28,,,MIN_20_TO_60,33,False,False,random
random_1015,t45,Random task 46,TASK,r1,2026-10-05,2026-10-20,,UNDER_20_MIN,47,False,False,random
random_1015,t46,Random task 47,TASK,r1,,2026-09-22,,MIN_20_TO_60,55,False,False,random
random_1015,t47,Random task 48,TASK,r1,2026-09-25,2026-10-16,,UNDER_20_MIN,23,False,False,random
random_1015,t48,Random task 49,TASK,r2,2026-10-01,2026-10-31,,UNDER_20_MIN,62,False,False,random
random_1015,t49,Random task 50,TASK,r0,2026-10-07,2026-10-24,,OVER_60_MIN,37,False,False,random
random_1015,t50,Random task 51,TASK,r2,,,,MIN_20_TO_60,27,False,False,random
random_1015,t51,Random task 52,TASK,r1,,2026-09-29,,UNDER_20_MIN,52,False,False,random
random_1015,t52,Random task 53,TASK,r2,2026-09-25,,,UNDER_20_MIN,29,False,False,random
random_1015,t53,Random task 54,TASK,r2,2026-09-21,2026-09-27,,UNDER_20_MIN,11,False,False,random
random_1015,t54,Random task 55,TASK,r2,2026-09-27,2026-10-02,,MIN_20_TO_60,52,False,False,random
random_1015,t55,Random task 56,TASK,r0,2026-10-07,2026-10-16,,MIN_20_TO_60,35,False,False,random
random_1015,t56,Random task 57,TASK,r2,,2026-10-21,,MIN_20_TO_60,52,False,False,random
random_1015,t57,Random task 58,TASK,r0,,2026-10-06,,UNDER_20_MIN,57,False,False,random
random_1015,t58,Random task 59,TASK,r2,2026-09-29,2026-10-20,,UNDER_20_MIN,10,False,False,random
random_1015,t59,Random task 60,TASK,r0,2026-09-24,2026-10-19,2026-10-17,UNDER_20_MIN,39,False,True,random
random_1015,t60,Random task 61,TASK,r0,,2026-09-26,,UNDER_20_MIN,48,False,False,random
random_1015,t61,Random task 62,TASK,r0,2026-10-05,2026-10-12,,OVER_60_MIN,42,False,False,random
random_1015,t62,Random task 63,TASK,r2,,2026-10-11,,OVER_60_MIN,8,False,False,random
random_1015,t63,Random task 64,TASK,r0,,2026-10-08,,MIN_20_TO_60,3,False,False,random
random_1016,r0,Random Root 1,GOAL,,,,,MIN_20_TO_60,,False,False,
random_1016,r1,Random Root 2,GOAL,,,,,MIN_20_TO_60,,False,False,
random_1016,r2,Random Root 3,GOAL,,,,,MIN_20_TO_60,,False,False,
random_1016,r3,Random Root 4,GOAL,,,,,MIN_20_TO_60,,False,False,
random_1016,r4,Random Root 5,GOAL,,,,,MIN_20_TO_60,,False,False,
random_1016,t0,Random task 1,TASK,r4,2026-10-07,2026-10-18,2026-10-14,OVER_60_MIN,5,False,True,random
random_1016,t1,Random task 2,TASK,r3,,2026-10-16,,OVER_60_MIN,14,False,False,random
random_1016,t2,Random task 3,TASK,r2,2026-10-01,2026-10-23,,UNDER_20_MIN,36,False,False,random
random_1016,t3,Random task 4,TASK,r3,2026-09-27,2026-10-14,,MIN_20_TO_60,66,False,False,random
random_1016,t4,Random task 5,TASK,r2,2026-10-02,,,OVER_60_MIN,57,False,False,random
random_1016,t5,Random task 6,TASK,r1,2026-10-08,2026-10-28,,UNDER_20_MIN,50,False,False,random
random_1016,t6,Random task 7,TASK,r3,2026-09-25,2026-10-06,,OVER_60_MIN,4,False,False,random
random_1016,t7,Random task 8,TASK,r3,2026-09-27,2026-10-28,,UNDER_20_MIN,60,False,False,random
random_1016,t8,Random task 9,TASK,r3,2026-09-21,,,MIN_20_TO_60,23,False,False,random
random_1016,t9,Random task 10,TASK,r1,2026-10-06,2026-10-20,,UNDER_20_MIN,63,False,False,random
random_1016,t10,Random task 11,TASK,r4,2026-09-24,2026-10-28,,OVER_60_MIN,64,False,False,random
random_1016,t11,Random task 12,TASK,r4,2026-09-23,2026-10-21,,MIN_20_TO_60,67,False,False,random
random_1016,t12,Random task 13,TASK,r0,2026-10-01,,,UNDER_20_MIN,59,False,False,random
random_1016,t13,Random task 14,TASK,r2,,,,MIN_20_TO_60,21,False,False,random
random_1016,t14,Random task 15,TASK,r0,2026-10-02,2026-10-09,,OVER_60_MIN,69,False,False,random
random_1016,t15,Random task 16,TASK,r0,,2026-09-25,,MIN_20_TO_60,58,True,False,random
random_1016,t16,Random task 17,TASK,r0,2026-09-21,2026-10-23,,OVER_60_MIN,31,True,False,random
random_1016,t17,Random task 18,TASK,r0,,2026-09-21,2026-09-21,UNDER_20_MIN,28,True,True,random
random_1016,t18,Random task 19,TASK,r1,,2026-09-22,2026-09-22,MIN_20_TO_60,13,True,True,random
random_1016,t19,Random task 20,TASK,r2,,2026-10-22,,OVER_60_MIN,2,False,False,random
random_1016,t20,Random task 21,TASK,r3,,,,MIN_20_TO_60,61,True,False,random
random_1016,t21,Random task 22,TASK,r0,,2026-10-24,,UNDER_20_MIN,4,False,False,random
random_1016,t22,Random task 23,TASK,r3,2026-09-29,2026-10-24,,UNDER_20_MIN,27,False,False,random
random_1016,t23,Random task 24,TASK,r0,,,,OVER_60_MIN,43,False,False,random
random_1016,t24,Random task 25,TASK,r2,,2026-09-26,,UNDER_20_MIN,4,False,False,random
random_1016,t25,Random task 26,TASK,r3,2026-10-10,2026-10-15,2026-10-10,OVER_60_MIN,24,False,True,random
random_1016,t26,Random task 27,TASK,r0,,,,UNDER_20_MIN,27,False,False,random
random_1016,t27,Random task 28,TASK,r3,2026-10-09,2026-10-25,,OVER_60_MIN,8,False,False,random
random_1016,t28,Random task 29,TASK,r1,,2026-09-24,,OVER_60_MIN,27,True,False,random
random_1016,t29,Random task 30,TASK,r2,,,,MIN_20_TO_60,9,False,False,random
random_1016,t30,Random task 31,TASK,r0,2026-10-07,,,UNDER_20_MIN,46,False,False,random
random_1016,t31,Random task 32,TASK,r1,2026-10-01,2026-10-21,,UNDER_20_MIN,17,False,False,random
random_1016,t32,Random task 33,TASK,r4,2026-10-08,2026-11-11,,UNDER_20_MIN,27,False,False,random
random_1016,t33,Random task 34,TASK,r3,2026-09-20,2026-09-29,,OVER_60_MIN,44,False,False,random
random_1016,t34,Random task 35,TASK,r3,,2026-10-23,,OVER_60_MIN,10,False,False,random
random_1016,t35,Random task 36,TASK,r0,2026-09-22,2026-10-12,,OVER_60_MIN,34,False,False,random
random_1016,t36,Random task 37,TASK,r3,2026-10-06,2026-10-08,,OVER_60_MIN,31,False,False,random
random_1016,t37,Random task 38,TASK,r3,,,,MIN_20_TO_60,60,False,False,random
random_1016,t38,Random task 39,TASK,r0,,2026-10-23,,UNDER_20_MIN,17,False,False,random
random_1016,t39,Random task 40,TASK,r4,2026-10-03,2026-10-16,,MIN_20_TO_60,48,False,False,random
random_1016,t40,Random task 41,TASK,r2,,2026-10-19,,OVER_60_MIN,29,False,False,random
random_1016,t41,Random task 42,TASK,r4,2026-10-10,,,UNDER_20_MIN,33,False,False,random
random_1016,t42,Random task 43,TASK,r1,2026-09-25,,,MIN_20_TO_60,28,False,False,random
random_1016,t43,Random task 44,TASK,r1,2026-09-24,2026-10-03,,MIN_20_TO_60,16,False,False,random
random_1016,t44,Random task 45,TASK,r4,2026-10-03,2026-10-11,,OVER_60_MIN,41,False,False,random
random_1016,t45,Random task 46,TASK,r0,,2026-09-26,,MIN_20_TO_60,22,False,False,random
random_1016,t46,Random task 47,TASK,r2,2026-09-26,2026-10-06,,MIN_20_TO_60,16,False,False,random
random_1016,t47,Random task 48,TASK,r3,2026-09-24,2026-09-30,,OVER_60_MIN,50,True,False,random
random_1016,t48,Random task 49,TASK,r3,,2026-10-09,,OVER_60_MIN,48,False,False,random
random_1016,t49,Random task 50,TASK,r2,2026-10-02,2026-11-01,,OVER_60_MIN,57,False,False,random
random_1016,t50,Random task 51,TASK,r3,,,,MIN_20_TO_60,38,False,False,random
random_1016,t51,Random task 52,TASK,r1,,2026-09-28,,UNDER_20_MIN,15,False,False,random
random_1016,t52,Random task 53,TASK,r4,2026-09-27,,,MIN_20_TO_60,31,False,False,random
random_1016,t53,Random task 54,TASK,r3,2026-10-04,2026-10-25,,MIN_20_TO_60,53,False,False,random
random_1016,t54,Random task 55,TASK,r4,,2026-10-07,,OVER_60_MIN,21,False,False,random
random_1016,t55,Random task 56,TASK,r3,2026-09-20,2026-09-29,,OVER_60_MIN,46,False,False,random
random_1016,t56,Random task 57,TASK,r3,2026-10-01,2026-11-04,2026-10-09,MIN_20_TO_60,42,False,True,random
random_1016,t57,Random task 58,TASK,r4,2026-09-20,2026-10-19,,MIN_20_TO_60,4,False,False,random
random_1016,t58,Random task 59,TASK,r0,,2026-10-13,,OVER_60_MIN,65,False,False,random
random_1016,t59,Random task 60,TASK,r0,,2026-09-24,,UNDER_20_MIN,63,False,False,random
random_1016,t60,Random task 61,TASK,r2,,2026-10-01,,OVER_60_MIN,61,False,False,random
random_1016,t61,Random task 62,TASK,r3,2026-09-29,2026-11-03,,OVER_60_MIN,21,False,False,random
random_1016,t62,Random task 63,TASK,r2,,2026-09-27,2026-09-26,OVER_60_MIN,62,False,True,random
random_1016,t63,Random task 64,TASK,r4,2026-09-21,,,MIN_20_TO_60,34,False,False,random
random_1016,t64,Random task 65,TASK,r1,2026-10-09,2026-10-13,,UNDER_20_MIN,6,True,False,random
random_1016,t65,Random task 66,TASK,r4,2026-10-01,2026-10-26,,MIN_20_TO_60,20,True,False,random
random_1016,t66,Random task 67,TASK,r4,,2026-10-15,,UNDER_20_MIN,56,False,False,random
random_1016,t67,Random task 68,TASK,r2,,2026-09-22,,UNDER_20_MIN,46,False,False,random
random_1016,t68,Random task 69,TASK,r0,,2026-09-25,,OVER_60_MIN,58,False,False,random
random_1017,r0,Random Root 1,GOAL,,,,,MIN_20_TO_60,,False,False,
random_1017,r1,Random Root 2,GOAL,,,,,MIN_20_TO_60,,False,False,
random_1017,r2,Random Root 3,GOAL,,,,,MIN_20_TO_60,,False,False,
random_1017,r3,Random Root 4,GOAL,,,,,MIN_20_TO_60,,False,False,
random_1017,r4,Random Root 5,GOAL,,,,,MIN_20_TO_60,,False,False,
random_1017,r5,Random Root 6,GOAL,,,,,MIN_20_TO_60,,False,False,
random_1017,t0,Random task 1,TASK,r3,2026-09-23,2026-10-16,,MIN_20_TO_60,2,False,False,random
random_1017,t1,Random task 2,TASK,r3,,2026-10-24,,OVER_60_MIN,44,False,False,random
random_1017,t2,Random task 3,TASK,r5,,2026-09-25,,UNDER_20_MIN,33,False,False,random
random_1017,t3,Random task 4,TASK,r4,,2026-09-28,,UNDER_20_MIN,73,False,False,random
random_1017,t4,Random task 5,TASK,r3,2026-09-29,2026-10-06,,MIN_20_TO_60,4,False,False,random
random_1017,t5,Random task 6,TASK,r5,2026-09-26,2026-10-31,,MIN_20_TO_60,52,False,False,random
random_1017,t6,Random task 7,TASK,r0,2026-09-24,2026-10-25,,OVER_60_MIN,67,False,False,random
random_1017,t7,Random task 8,TASK,r4,2026-09-21,2026-10-01,,MIN_20_TO_60,81,False,False,random
random_1017,t8,Random task 9,TASK,r5,2026-09-20,2026-10-17,,OVER_60_MIN,16,False,False,random
random_1017,t9,Random task 10,TASK,r1,,2026-10-19,,OVER_60_MIN,83,False,False,random
random_1017,t10,Random task 11,TASK,r4,2026-10-06,2026-10-26,,MIN_20_TO_60,28,False,False,random
random_1017,t11,Random task 12,TASK,r4,,,,UNDER_20_MIN,7,True,False,random
random_1017,t12,Random task 13,TASK,r3,,2026-10-07,,MIN_20_TO_60,59,False,False,random
random_1017,t13,Random task 14,TASK,r0,2026-10-09,2026-10-24,,UNDER_20_MIN,7,False,False,random
random_1017,t14,Random task 15,TASK,r1,,2026-10-14,,MIN_20_TO_60,43,False,False,random
random_1017,t15,Random task 16,TASK,r0,2026-09-29,2026-10-13,,UNDER_20_MIN,12,False,False,random
random_1017,t16,Random task 17,TASK,r1,,2026-10-15,,MIN_20_TO_60,64,True,False,random
random_1017,t17,Random task 18,TASK,r3,2026-10-09,2026-10-17,,MIN_20_TO_60,80,False,False,random
random_1017,t18,Random task 19,TASK,r3,2026-09-29,2026-10-11,2026-10-03,UNDER_20_MIN,83,False,True,random
random_1017,t19,Random task 20,TASK,r2,2026-10-02,2026-10-16,,MIN_20_TO_60,78,False,False,random
random_1017,t20,Random task 21,TASK,r1,2026-09-29,2026-10-21,,OVER_60_MIN,7,False,False,random
random_1017,t21,Random task 22,TASK,r5,,2026-09-26,,UNDER_20_MIN,11,False,False,random
random_1017,t22,Random task 23,TASK,r4,,,,MIN_20_TO_60,57,False,False,random
random_1017,t23,Random task 24,TASK,r1,,,,UNDER_20_MIN,71,False,False,random
random_1017,t24,Random task 25,TASK,r5,,2026-10-11,,OVER_60_MIN,80,False,False,random
random_1017,t25,Random task 26,TASK,r4,2026-09-27,2026-11-01,,UNDER_20_MIN,67,False,False,random
random_1017,t26,Random task 27,TASK,r4,2026-10-02,2026-10-29,,UNDER_20_MIN,57,False,False,random
random_1017,t27,Random task 28,TASK,r1,2026-09-25,,,MIN_20_TO_60,63,False,False,random
random_1017,t28,Random task 29,TASK,r3,,2026-09-23,,OVER_60_MIN,8,False,False,random
random_1017,t29,Random task 30,TASK,r0,2026-10-08,,,MIN_20_TO_60,79,False,False,random
random_1017,t30,Random task 31,TASK,r3,2026-09-27,2026-10-02,,UNDER_20_MIN,59,False,False,random
random_1017,t31,Random task 32,TASK,r1,2026-10-09,2026-10-17,,OVER_60_MIN,35,False,False,random
random_1017,t32,Random task 33,TASK,r3,2026-09-20,2026-09-30,,UNDER_20_MIN,16,False,False,random
random_1017,t33,Random task 34,TASK,r2,,2026-09-27,,MIN_20_TO_60,44,True,False,random
random_1017,t34,Random task 35,TASK,r2,2026-10-03,,,OVER_60_MIN,41,False,False,random
random_1017,t35,Random task 36,TASK,r3,,,,UNDER_20_MIN,5,False,False,random
random_1017,t36,Random task 37,TASK,r5,2026-10-09,,,MIN_20_TO_60,82,False,False,random
random_1017,t37,Random task 38,TASK,r3,2026-10-01,,,UNDER_20_MIN,41,False,False,random
random_1017,t38,Random task 39,TASK,r4,,2026-10-06,,OVER_60_MIN,61,False,False,random
random_1017,t39,Random task 40,TASK,r3,2026-09-30,2026-10-07,,OVER_60_MIN,40,False,False,random
random_1017,t40,Random task 41,TASK,r5,,,,UNDER_20_MIN,31,False,False,random
random_1017,t41,Random task 42,TASK,r4,,,,MIN_20_TO_60,49,False,False,random
random_1017,t42,Random task 43,TASK,r4,,2026-09-25,,OVER_60_MIN,28,False,False,random
random_1017,t43,Random task 44,TASK,r3,,,,OVER_60_MIN,36,False,False,random
random_1017,t44,Random task 45,TASK,r5,,2026-10-17,,OVER_60_MIN,70,False,False,random
random_1017,t45,Random task 46,TASK,r5,2026-10-03,2026-10-17,,OVER_60_MIN,34,False,False,random
random_1017,t46,Random task 47,TASK,r2,,2026-09-24,,UNDER_20_MIN,39,False,False,random
random_1017,t47,Random task 48,TASK,r4,,2026-10-01,,OVER_60_MIN,1,False,False,random
random_1017,t48,Random task 49,TASK,r3,2026-10-08,2026-11-10,,UNDER_20_MIN,24,False,False,random
random_1017,t49,Random task 50,TASK,r0,,2026-10-20,,MIN_20_TO_60,53,True,False,random
random_1017,t50,Random task 51,TASK,r5,2026-10-07,,,MIN_20_TO_60,1,False,False,random
random_1017,t51,Random task 52,TASK,r2,,2026-10-15,,MIN_20_TO_60,61,True,False,random
random_1017,t52,Random task 53,TASK,r5,2026-09-22,2026-10-17,,MIN_20_TO_60,43,False,False,random
random_1017,t53,Random task 54,TASK,r1,2026-10-09,2026-10-29,,UNDER_20_MIN,40,False,False,random
random_1017,t54,Random task 55,TASK,r5,2026-09-30,,,MIN_20_TO_60,73,False,False,random
random_1017,t55,Random task 56,TASK,r1,,2026-10-20,,UNDER_20_MIN,83,False,False,random
random_1017,t56,Random task 57,TASK,r5,2026-10-09,2026-10-25,,OVER_60_MIN,77,False,False,random
random_1017,t57,Random task 58,TASK,r4,,2026-10-06,,UNDER_20_MIN,63,False,False,random
random_1017,t58,Random task 59,TASK,r1,2026-09-27,2026-10-01,,UNDER_20_MIN,43,False,False,random
random_1017,t59,Random task 60,TASK,r3,,2026-10-23,,MIN_20_TO_60,44,False,False,random
random_1017,t60,Random task 61,TASK,r5,2026-09-25,2026-09-30,,MIN_20_TO_60,42,False,False,random
random_1017,t61,Random task 62,TASK,r4,,2026-10-13,,OVER_60_MIN,66,False,False,random
random_1017,t62,Random task 63,TASK,r1,2026-09-26,,,OVER_60_MIN,35,False,False,random
random_1017,t63,Random task 64,TASK,r3,,2026-10-21,,UNDER_20_MIN,85,True,False,random
random_1017,t64,Random task 65,TASK,r2,,2026-09-27,,OVER_60_MIN,9,False,False,random
random_1017,t65,Random task 66,TASK,r4,,2026-09-30,,UNDER_20_MIN,9,True,False,random
random_1017,t66,Random task 67,TASK,r4,,,2026-09-21,OVER_60_MIN,37,False,True,random
random_1017,t67,Random task 68,TASK,r5,,2026-10-04,,UNDER_20_MIN,60,True,False,random
random_1017,t68,Random task 69,TASK,r3,,2026-09-24,,OVER_60_MIN,63,False,False,random
random_1017,t69,Random task 70,TASK,r4,,2026-10-11,,OVER_60_MIN,46,False,False,random
random_1017,t70,Random task 71,TASK,r1,2026-10-03,,,UNDER_20_MIN,18,False,False,random
random_1017,t71,Random task 72,TASK,r5,2026-10-02,2026-10-21,,MIN_20_TO_60,72,False,False,random
random_1017,t72,Random task 73,TASK,r1,2026-09-22,2026-10-27,,MIN_20_TO_60,82,False,False,random
random_1017,t73,Random task 74,TASK,r2,,2026-10-21,2026-10-15,MIN_20_TO_60,39,False,True,random
random_1017,t74,Random task 75,TASK,r2,,2026-10-09,,OVER_60_MIN,65,False,False,random
random_1017,t75,Random task 76,TASK,r4,,2026-09-28,,MIN_20_TO_60,38,False,False,random
random_1017,t76,Random task 77,TASK,r4,,,2026-09-26,UNDER_20_MIN,8,False,True,random
random_1017,t77,Random task 78,TASK,r0,2026-10-06,2026-11-03,2026-11-02,OVER_60_MIN,13,False,True,random
random_1017,t78,Random task 79,TASK,r5,,2026-09-30,,UNDER_20_MIN,6,False,False,random
random_1017,t79,Random task 80,TASK,r2,2026-10-04,2026-10-23,,UNDER_20_MIN,74,False,False,random
random_1017,t80,Random task 81,TASK,r5,,2026-09-21,,MIN_20_TO_60,52,False,False,random
random_1017,t81,Random task 82,TASK,r3,,2026-09-25,,MIN_20_TO_60,16,False,False,random
random_1017,t82,Random task 83,TASK,r0,,2026-10-06,,OVER_60_MIN,18,False,False,random
random_1017,t83,Random task 84,TASK,r4,,2026-10-09,,UNDER_20_MIN,8,False,False,random
random_1017,t84,Random task 85,TASK,r4,2026-09-21,2026-10-11,,OVER_60_MIN,15,False,False,random
random_1018,r0,Random Root 1,GOAL,,,,,MIN_20_TO_60,,False,False,
random_1018,r1,Random Root 2,GOAL,,,,,MIN_20_TO_60,,False,False,
random_1018,r2,Random Root 3,GOAL,,,,,MIN_20_TO_60,,False,False,
random_1018,r3,Random Root 4,GOAL,,,,,MIN_20_TO_60,,False,False,
random_1018,r4,Random Root 5,GOAL,,,,,MIN_20_TO_60,,False,False,
random_1018,r5,Random Root 6,GOAL,,,,,MIN_20_TO_60,,False,False,
random_1018,t0,Random task 1,TASK,r3,,2026-10-05,,MIN_20_TO_60,24,False,False,random
random_1018,t1,Random task 2,TASK,r5,,2026-10-04,,UNDER_20_MIN,50,False,False,random
random_1018,t2,Random task 3,TASK,r5,2026-10-08,2026-11-02,,MIN_20_TO_60,77,False,False,random
random_1018,t3,Random task 4,TASK,r2,,2026-09-27,,MIN_20_TO_60,42,False,False,random
random_1018,t4,Random task 5,TASK,r2,2026-10-01,,,MIN_20_TO_60,24,False,False,random
random_1018,t5,Random task 6,TASK,r5,2026-09-22,2026-10-26,,MIN_20_TO_60,17,False,False,random
random_1018,t6,Random task 7,TASK,r1,2026-09-26,2026-09-29,,OVER_60_MIN,62,False,False,random
random_1018,t7,Random task 8,TASK,r0,,2026-10-19,,UNDER_20_MIN,75,False,False,random
random_1018,t8,Random task 9,TASK,r1,2026-10-07,2026-10-28,,MIN_20_TO_60,67,False,False,random
random_1018,t9,Random task 10,TASK,r0,2026-09-28,2026-10-14,,MIN_20_TO_60,84,True,False,random
random_1018,t10,Random task 11,TASK,r0,2026-10-06,2026-10-31,,UNDER_20_MIN,36,False,False,random
random_1018,t11,Random task 12,TASK,r5,2026-10-03,2026-10-28,,OVER_60_MIN,34,False,False,random
random_1018,t12,Random task 13,TASK,r3,2026-10-03,2026-10-30,,OVER_60_MIN,68,False,False,random
random_1018,t13,Random task 14,TASK,r0,2026-10-04,,,UNDER_20_MIN,84,False,False,random
random_1018,t14,Random task 15,TASK,r0,,,,MIN_20_TO_60,24,False,False,random
random_1018,t15,Random task 16,TASK,r1,2026-09-24,2026-10-11,,MIN_20_TO_60,28,False,False,random
random_1018,t16,Random task 17,TASK,r4,,2026-10-25,,UNDER_20_MIN,17,False,False,random
random_1018,t17,Random task 18,TASK,r1,,2026-09-25,,MIN_20_TO_60,61,False,False,random
random_1018,t18,Random task 19,TASK,r4,,2026-10-16,2026-09-26,UNDER_20_MIN,64,False,True,random
random_1018,t19,Random task 20,TASK,r5,2026-10-08,,,MIN_20_TO_60,35,False,False,random
random_1018,t20,Random task 21,TASK,r2,,2026-09-29,,UNDER_20_MIN,73,False,False,random
random_1018,t21,Random task 22,TASK,r0,2026-10-05,2026-10-24,2026-10-11,UNDER_20_MIN,86,False,True,random
random_1018,t22,Random task 23,TASK,r1,2026-10-07,,,UNDER_20_MIN,3,False,False,random
random_1018,t23,Random task 24,TASK,r2,,2026-10-06,2026-10-01,UNDER_20_MIN,66,False,True,random
random_1018,t24,Random task 25,TASK,r3,2026-09-29,2026-11-03,,MIN_20_TO_60,21,False,False,random
random_1018,t25,Random task 26,TASK,r4,,2026-09-27,,MIN_20_TO_60,37,True,False,random
random_1018,t26,Random task 27,TASK,r4,2026-10-05,2026-10-06,,OVER_60_MIN,64,False,False,random
random_1018,t27,Random task 28,TASK,r4,2026-10-10,2026-10-28,,OVER_60_MIN,45,False,False,random
random_1018,t28,Random task 29,TASK,r1,2026-09-26,,,UNDER_20_MIN,86,False,False,random
random_1018,t29,Random task 30,TASK,r3,,,2026-09-20,OVER_60_MIN,82,False,True,random
random_1018,t30,Random task 31,TASK,r5,,2026-10-17,,MIN_20_TO_60,9,False,False,random
random_1018,t31,Random task 32,TASK,r1,2026-10-03,2026-10-16,,MIN_20_TO_60,80,False,False,random
random_1018,t32,Random task 33,TASK,r1,2026-10-08,,,UNDER_20_MIN,84,False,False,random
random_1018,t33,Random task 34,TASK,r1,,2026-10-16,,MIN_20_TO_60,20,False,False,random
random_1018,t34,Random task 35,TASK,r2,2026-09-26,2026-10-27,,UNDER_20_MIN,60,False,False,random
random_1018,t35,Random task 36,TASK,r5,2026-10-02,,,MIN_20_TO_60,47,False,False,random
random_1018,t36,Random task 37,TASK,r5,2026-10-07,2026-10-24,,OVER_60_MIN,25,False,False,random
random_1018,t37,Random task 38,TASK,r0,,2026-09-26,,OVER_60_MIN,5,False,False,random
random_1018,t38,Random task 39,TASK,r0,,2026-10-12,,OVER_60_MIN,48,False,False,random
random_1018,t39,Random task 40,TASK,r2,2026-09-27,2026-10-10,,UNDER_20_MIN,84,False,False,random
random_1018,t40,Random task 41,TASK,r3,2026-10-06,2026-11-06,,MIN_20_TO_60,61,False,False,random
random_1018,t41,Random task 42,TASK,r0,,2026-10-03,,MIN_20_TO_60,1,False,False,random
random_1018,t42,Random task 43,TASK,r2,2026-09-21,2026-09-28,,UNDER_20_MIN,44,False,False,random
random_1018,t43,Random task 44,TASK,r2,2026-09-25,2026-10-27,,MIN_20_TO_60,51,False,False,random
random_1018,t44,Random task 45,TASK,r4,,2026-10-11,,OVER_60_MIN,85,False,False,random
random_1018,t45,Random task 46,TASK,r0,2026-09-27,2026-09-28,,MIN_20_TO_60,64,False,False,random
random_1018,t46,Random task 47,TASK,r3,,,,OVER_60_MIN,27,False,False,random
random_1018,t47,Random task 48,TASK,r5,,,,MIN_20_TO_60,59,False,False,random
random_1018,t48,Random task 49,TASK,r5,2026-09-27,2026-09-28,,MIN_20_TO_60,58,False,False,random
random_1018,t49,Random task 50,TASK,r0,2026-10-02,,2026-10-06,OVER_60_MIN,39,True,True,random
random_1018,t50,Random task 51,TASK,r2,,2026-09-21,,MIN_20_TO_60,33,False,False,random
random_1018,t51,Random task 52,TASK,r3,,2026-10-18,,OVER_60_MIN,79,False,False,random
random_1018,t52,Random task 53,TASK,r3,2026-09-22,2026-09-30,,OVER_60_MIN,13,False,False,random
random_1018,t53,Random task 54,TASK,r0,,2026-09-26,,OVER_60_MIN,47,False,False,random
random_1018,t54,Random task 55,TASK,r0,2026-10-08,2026-10-16,,OVER_60_MIN,27,False,False,random
random_1018,t55,Random task 56,TASK,r2,2026-09-30,2026-11-01,2026-10-12,MIN_20_TO_60,79,False,True,random
random_1018,t56,Random task 57,TASK,r3,2026-09-21,2026-10-20,,MIN_20_TO_60,34,False,False,random
random_1018,t57,Random task 58,TASK,r4,,2026-09-24,,UNDER_20_MIN,38,False,False,random
random_1018,t58,Random task 59,TASK,r0,2026-10-08,,,OVER_60_MIN,5,False,False,random
random_1018,t59,Random task 60,TASK,r2,,2026-09-24,,MIN_20_TO_60,51,False,False,random
random_1018,t60,Random task 61,TASK,r2,,2026-10-14,2026-09-29,OVER_60_MIN,74,False,True,random
random_1018,t61,Random task 62,TASK,r3,,2026-10-24,,MIN_20_TO_60,7,False,False,random
random_1018,t62,Random task 63,TASK,r5,2026-10-04,2026-10-08,,UNDER_20_MIN,51,False,False,random
random_1018,t63,Random task 64,TASK,r3,2026-10-09,,,MIN_20_TO_60,4,False,False,random
random_1018,t64,Random task 65,TASK,r2,2026-09-26,2026-10-17,,OVER_60_MIN,57,False,False,random
random_1018,t65,Random task 66,TASK,r4,,2026-10-04,,MIN_20_TO_60,67,False,False,random
random_1018,t66,Random task 67,TASK,r4,2026-09-26,,,MIN_20_TO_60,66,False,False,random
random_1018,t67,Random task 68,TASK,r2,,,,OVER_60_MIN,35,False,False,random
random_1018,t68,Random task 69,TASK,r5,2026-10-01,,,MIN_20_TO_60,65,False,False,random
random_1018,t69,Random task 70,TASK,r0,2026-10-04,,2026-10-06,OVER_60_MIN,61,False,True,random
random_1018,t70,Random task 71,TASK,r0,2026-09-29,2026-10-13,,MIN_20_TO_60,35,False,False,random
random_1018,t71,Random task 72,TASK,r0,2026-09-27,,,UNDER_20_MIN,7,False,False,random
random_1018,t72,Random task 73,TASK,r1,2026-10-09,2026-10-26,,OVER_60_MIN,63,False,False,random
random_1018,t73,Random task 74,TASK,r5,,2026-10-19,,OVER_60_MIN,31,False,False,random
random_1018,t74,Random task 75,TASK,r2,,2026-10-07,,MIN_20_TO_60,78,False,False,random
random_1018,t75,Random task 76,TASK,r5,2026-09-27,,,OVER_60_MIN,28,False,False,random
random_1018,t76,Random task 77,TASK,r4,,,,MIN_20_TO_60,39,False,False,random
random_1018,t77,Random task 78,TASK,r4,,2026-10-23,,OVER_60_MIN,32,False,False,random
random_1018,t78,Random task 79,TASK,r1,,2026-10-11,,UNDER_20_MIN,76,False,False,random
random_1018,t79,Random task 80,TASK,r0,2026-09-24,2026-10-17,,OVER_60_MIN,8,False,False,random
random_1018,t80,Random task 81,TASK,r1,2026-10-07,,,OVER_60_MIN,74,False,False,random
random_1018,t81,Random task 82,TASK,r0,2026-10-04,2026-10-31,,UNDER_20_MIN,52,False,False,random
random_1018,t82,Random task 83,TASK,r2,,2026-10-09,,OVER_60_MIN,17,False,False,random
random_1018,t83,Random task 84,TASK,r1,2026-09-22,2026-10-02,,MIN_20_TO_60,86,False,False,random
random_1018,t84,Random task 85,TASK,r4,2026-09-23,,,OVER_60_MIN,82,False,False,random
random_1018,t85,Random task 86,TASK,r3,,2026-10-24,,MIN_20_TO_60,27,False,False,random
random_1019,r0,Random Root 1,GOAL,,,,,MIN_20_TO_60,,False,False,
random_1019,r1,Random Root 2,GOAL,,,,,MIN_20_TO_60,,False,False,
random_1019,r2,Random Root 3,GOAL,,,,,MIN_20_TO_60,,False,False,
random_1019,t0,Random task 1,TASK,r0,2026-09-27,2026-10-26,,OVER_60_MIN,30,False,False,random
random_1019,t1,Random task 2,TASK,r1,,2026-10-15,,UNDER_20_MIN,45,False,False,random
random_1019,t2,Random task 3,TASK,r0,,,,OVER_60_MIN,6,False,False,random
random_1019,t3,Random task 4,TASK,r1,2026-09-26,2026-10-30,,MIN_20_TO_60,56,False,False,random
random_1019,t4,Random task 5,TASK,r0,2026-09-29,2026-10-06,,OVER_60_MIN,65,False,False,random
random_1019,t5,Random task 6,TASK,r0,,2026-10-09,,MIN_20_TO_60,60,False,False,random
random_1019,t6,Random task 7,TASK,r0,,2026-10-05,,UNDER_20_MIN,45,False,False,random
random_1019,t7,Random task 8,TASK,r0,2026-10-09,2026-10-13,,OVER_60_MIN,56,True,False,random
random_1019,t8,Random task 9,TASK,r1,,,,MIN_20_TO_60,57,False,False,random
random_1019,t9,Random task 10,TASK,r1,,,,OVER_60_MIN,60,False,False,random
random_1019,t10,Random task 11,TASK,r2,2026-10-05,,,OVER_60_MIN,1,False,False,random
random_1019,t11,Random task 12,TASK,r1,2026-09-30,2026-10-18,,OVER_60_MIN,7,False,False,random
random_1019,t12,Random task 13,TASK,r0,,2026-09-26,,OVER_60_MIN,8,False,False,random
random_1019,t13,Random task 14,TASK,r0,2026-09-29,2026-10-26,,UNDER_20_MIN,42,False,False,random
random_1019,t14,Random task 15,TASK,r0,2026-09-22,2026-10-19,,MIN_20_TO_60,36,False,False,random
random_1019,t15,Random task 16,TASK,r2,,2026-10-22,,OVER_60_MIN,22,False,False,random
random_1019,t16,Random task 17,TASK,r2,,2026-09-29,,UNDER_20_MIN,34,False,False,random
random_1019,t17,Random task 18,TASK,r2,,2026-10-08,,MIN_20_TO_60,43,False,False,random
random_1019,t18,Random task 19,TASK,r0,2026-09-24,2026-10-16,,OVER_60_MIN,53,False,False,random
random_1019,t19,Random task 20,TASK,r2,,2026-10-01,,UNDER_20_MIN,47,False,False,random
random_1019,t20,Random task 21,TASK,r2,2026-09-24,2026-10-20,,UNDER_20_MIN,19,True,False,random
random_1019,t21,Random task 22,TASK,r2,,2026-10-05,2026-09-21,UNDER_20_MIN,36,False,True,random
random_1019,t22,Random task 23,TASK,r1,,2026-10-17,,OVER_60_MIN,59,False,False,random
random_1019,t23,Random task 24,TASK,r0,,2026-10-05,,UNDER_20_MIN,17,False,False,random
random_1019,t24,Random task 25,TASK,r0,2026-10-01,2026-10-15,,UNDER_20_MIN,12,False,False,random
random_1019,t25,Random task 26,TASK,r2,2026-09-28,2026-10-06,,OVER_60_MIN,58,False,False,random
random_1019,t26,Random task 27,TASK,r2,,2026-10-25,,OVER_60_MIN,46,False,False,random
random_1019,t27,Random task 28,TASK,r0,2026-09-23,2026-09-24,,OVER_60_MIN,36,False,False,random
random_1019,t28,Random task 29,TASK,r2,2026-10-10,2026-11-06,,OVER_60_MIN,34,False,False,random
random_1019,t29,Random task 30,TASK,r0,2026-10-02,2026-11-03,,MIN_20_TO_60,15,False,False,random
random_1019,t30,Random task 31,TASK,r0,2026-10-02,2026-10-24,,UNDER_20_MIN,24,False,False,random
random_1019,t31,Random task 32,TASK,r1,,,,UNDER_20_MIN,58,False,False,random
random_1019,t32,Random task 33,TASK,r2,2026-09-29,2026-10-15,,OVER_60_MIN,29,False,False,random
random_1019,t33,Random task 34,TASK,r1,2026-10-10,2026-11-03,2026-11-01,OVER_60_MIN,11,False,True,random
random_1019,t34,Random task 35,TASK,r1,,2026-09-22,,OVER_60_MIN,47,False,False,random
random_1019,t35,Random task 36,TASK,r2,2026-09-24,2026-10-17,,MIN_20_TO_60,52,False,False,random
random_1019,t36,Random task 37,TASK,r0,2026-10-09,,,UNDER_20_MIN,51,False,False,random
random_1019,t37,Random task 38,TASK,r2,2026-09-24,2026-10-04,,MIN_20_TO_60,1,False,False,random
random_1019,t38,Random task 39,TASK,r0,2026-10-05,,,UNDER_20_MIN,19,False,False,random
random_1019,t39,Random task 40,TASK,r2,,2026-09-21,2026-09-20,OVER_60_MIN,31,False,True,random
random_1019,t40,Random task 41,TASK,r0,2026-10-09,2026-10-22,,MIN_20_TO_60,30,True,False,random
random_1019,t41,Random task 42,TASK,r2,2026-09-26,,,UNDER_20_MIN,1,True,False,random
random_1019,t42,Random task 43,TASK,r2,,,,OVER_60_MIN,34,False,False,random
random_1019,t43,Random task 44,TASK,r1,2026-10-07,2026-11-05,,OVER_60_MIN,54,False,False,random
random_1019,t44,Random task 45,TASK,r2,2026-10-06,2026-10-18,,OVER_60_MIN,23,False,False,random
random_1019,t45,Random task 46,TASK,r0,,2026-09-29,,MIN_20_TO_60,4,False,False,random
random_1019,t46,Random task 47,TASK,r2,,2026-09-26,,MIN_20_TO_60,54,False,False,random
random_1019,t47,Random task 48,TASK,r0,,2026-10-01,,MIN_20_TO_60,5,False,False,random
random_1019,t48,Random task 49,TASK,r2,2026-10-09,2026-11-06,,MIN_20_TO_60,64,True,False,random
random_1019,t49,Random task 50,TASK,r0,2026-09-21,2026-10-21,,OVER_60_MIN,54,False,False,random
random_1019,t50,Random task 51,TASK,r0,2026-10-03,2026-10-22,,UNDER_20_MIN,45,False,False,random
random_1019,t51,Random task 52,TASK,r0,2026-10-09,2026-10-26,,UNDER_20_MIN,40,False,False,random
random_1019,t52,Random task 53,TASK,r2,2026-09-30,,,OVER_60_MIN,29,False,False,random
random_1019,t53,Random task 54,TASK,r0,2026-09-20,2026-10-15,,MIN_20_TO_60,57,False,False,random
random_1019,t54,Random task 55,TASK,r2,2026-09-21,2026-09-26,,UNDER_20_MIN,58,False,False,random
random_1019,t55,Random task 56,TASK,r2,2026-10-09,2026-10-17,,UNDER_20_MIN,64,False,False,random
random_1019,t56,Random task 57,TASK,r0,2026-10-08,2026-11-12,,MIN_20_TO_60,55,False,False,random
random_1019,t57,Random task 58,TASK,r1,2026-10-03,2026-10-08,,MIN_20_TO_60,55,False,False,random
random_1019,t58,Random task 59,TASK,r0,2026-10-10,2026-10-15,,MIN_20_TO_60,19,False,False,random
random_1019,t59,Random task 60,TASK,r2,2026-09-30,2026-10-26,,OVER_60_MIN,51,False,False,random
random_1019,t60,Random task 61,TASK,r1,,,2026-09-30,MIN_20_TO_60,15,False,True,random
random_1019,t61,Random task 62,TASK,r1,2026-10-08,2026-10-22,,UNDER_20_MIN,3,False,False,random
random_1019,t62,Random task 63,TASK,r0,,2026-10-11,,OVER_60_MIN,39,False,False,random
random_1019,t63,Random task 64,TASK,r0,,2026-09-27,,UNDER_20_MIN,61,False,False,random
random_1019,t64,Random task 65,TASK,r1,,2026-10-23,,MIN_20_TO_60,33,False,False,random
random_1019,t65,Random task 66,TASK,r0,,,,OVER_60_MIN,59,False,False,random
random_1020,r0,Random Root 1,GOAL,,,,,MIN_20_TO_60,,False,False,
random_1020,r1,Random Root 2,GOAL,,,,,MIN_20_TO_60,,False,False,
random_1020,r2,Random Root 3,GOAL,,,,,MIN_20_TO_60,,False,False,
random_1020,t0,Random task 1,TASK,r1,,2026-10-02,,UNDER_20_MIN,24,False,False,random
random_1020,t1,Random task 2,TASK,r2,2026-09-29,2026-10-26,2026-10-22,UNDER_20_MIN,32,False,True,random
random_1020,t2,Random task 3,TASK,r2,,2026-09-26,,MIN_20_TO_60,41,False,False,random
random_1020,t3,Random task 4,TASK,r1,2026-09-25,2026-10-14,,UNDER_20_MIN,22,False,False,random
random_1020,t4,Random task 5,TASK,r1,,2026-09-24,,UNDER_20_MIN,22,False,False,random
random_1020,t5,Random task 6,TASK,r2,2026-09-22,,,MIN_20_TO_60,36,False,False,random
random_1020,t6,Random task 7,TASK,r0,2026-09-23,2026-10-16,,UNDER_20_MIN,8,False,False,random
random_1020,t7,Random task 8,TASK,r2,,2026-10-12,,MIN_20_TO_60,41,False,False,random
random_1020,t8,Random task 9,TASK,r2,2026-10-06,2026-10-15,,MIN_20_TO_60,37,False,False,random
random_1020,t9,Random task 10,TASK,r0,,,,UNDER_20_MIN,24,False,False,random
random_1020,t10,Random task 11,TASK,r0,2026-10-05,2026-10-11,,OVER_60_MIN,12,False,False,random
random_1020,t11,Random task 12,TASK,r0,2026-10-07,2026-11-03,,OVER_60_MIN,32,False,False,random
random_1020,t12,Random task 13,TASK,r0,2026-09-28,2026-10-26,,OVER_60_MIN,46,False,False,random
random_1020,t13,Random task 14,TASK,r1,2026-10-06,2026-11-02,,MIN_20_TO_60,32,True,False,random
random_1020,t14,Random task 15,TASK,r1,2026-09-23,2026-09-25,,UNDER_20_MIN,38,False,False,random
random_1020,t15,Random task 16,TASK,r0,2026-09-22,,,OVER_60_MIN,10,False,False,random
random_1020,t16,Random task 17,TASK,r1,2026-10-07,2026-10-16,,UNDER_20_MIN,36,True,False,random
random_1020,t17,Random task 18,TASK,r2,,2026-10-23,,UNDER_20_MIN,8,True,False,random
random_1020,t18,Random task 19,TASK,r0,,2026-10-15,,MIN_20_TO_60,15,False,False,random
random_1020,t19,Random task 20,TASK,r2,,2026-10-23,,UNDER_20_MIN,38,True,False,random
random_1020,t20,Random task 21,TASK,r1,2026-09-30,2026-10-28,,MIN_20_TO_60,23,False,False,random
random_1020,t21,Random task 22,TASK,r1,,2026-10-05,,UNDER_20_MIN,46,False,False,random
random_1020,t22,Random task 23,TASK,r0,2026-09-27,2026-10-17,,OVER_60_MIN,7,False,False,random
random_1020,t23,Random task 24,TASK,r0,,2026-10-13,,UNDER_20_MIN,45,False,False,random
random_1020,t24,Random task 25,TASK,r1,,,2026-09-28,UNDER_20_MIN,21,False,True,random
random_1020,t25,Random task 26,TASK,r2,2026-09-21,,,UNDER_20_MIN,46,False,False,random
random_1020,t26,Random task 27,TASK,r1,2026-09-20,2026-09-25,,UNDER_20_MIN,41,False,False,random
random_1020,t27,Random task 28,TASK,r0,2026-10-08,2026-11-04,,OVER_60_MIN,18,False,False,random
random_1020,t28,Random task 29,TASK,r1,2026-09-24,2026-10-10,,UNDER_20_MIN,12,False,False,random
random_1020,t29,Random task 30,TASK,r2,2026-10-08,2026-10-14,,MIN_20_TO_60,1,False,False,random
random_1020,t30,Random task 31,TASK,r1,,2026-10-23,,UNDER_20_MIN,25,False,False,random
random_1020,t31,Random task 32,TASK,r0,2026-09-21,,,OVER_60_MIN,46,False,False,random
random_1020,t32,Random task 33,TASK,r0,2026-10-06,,,UNDER_20_MIN,28,False,False,random
random_1020,t33,Random task 34,TASK,r0,2026-09-25,,,OVER_60_MIN,14,False,False,random
random_1020,t34,Random task 35,TASK,r2,2026-09-27,2026-10-30,,UNDER_20_MIN,41,False,False,random
random_1020,t35,Random task 36,TASK,r0,2026-09-27,2026-10-08,,OVER_60_MIN,33,False,False,random
random_1020,t36,Random task 37,TASK,r0,2026-10-01,,2026-10-13,OVER_60_MIN,30,False,True,random
random_1020,t37,Random task 38,TASK,r2,2026-10-06,2026-10-16,,OVER_60_MIN,24,True,False,random
random_1020,t38,Random task 39,TASK,r2,2026-10-03,2026-11-02,,UNDER_20_MIN,45,True,False,random
random_1020,t39,Random task 40,TASK,r2,2026-09-21,,,UNDER_20_MIN,33,False,False,random
random_1020,t40,Random task 41,TASK,r2,2026-09-24,2026-09-25,,OVER_60_MIN,16,True,False,random
random_1020,t41,Random task 42,TASK,r1,,2026-09-21,,UNDER_20_MIN,6,False,False,random
random_1020,t42,Random task 43,TASK,r2,2026-10-10,2026-10-20,,MIN_20_TO_60,41,False,False,random
random_1020,t43,Random task 44,TASK,r1,,2026-10-19,,UNDER_20_MIN,16,False,False,random
random_1020,t44,Random task 45,TASK,r2,2026-09-30,2026-11-02,,UNDER_20_MIN,45,False,False,random
random_1020,t45,Random task 46,TASK,r1,,,,OVER_60_MIN,32,True,False,random
random_1021,r0,Random Root 1,GOAL,,,,,MIN_20_TO_60,,False,False,
random_1021,r1,Random Root 2,GOAL,,,,,MIN_20_TO_60,,False,False,
random_1021,r2,Random Root 3,GOAL,,,,,MIN_20_TO_60,,False,False,
random_1021,r3,Random Root 4,GOAL,,,,,MIN_20_TO_60,,False,False,
random_1021,t0,Random task 1,TASK,r1,,2026-10-25,,MIN_20_TO_60,43,False,False,random
random_1021,t1,Random task 2,TASK,r3,2026-10-03,2026-10-05,,UNDER_20_MIN,77,False,False,random
random_1021,t2,Random task 3,TASK,r3,2026-10-01,2026-10-25,,MIN_20_TO_60,3,False,False,random
random_1021,t3,Random task 4,TASK,r3,2026-10-09,2026-10-16,,MIN_20_TO_60,42,False,False,random
random_1021,t4,Random task 5,TASK,r1,,,,UNDER_20_MIN,69,False,False,random
random_1021,t5,Random task 6,TASK,r3,,2026-10-11,2026-10-02,UNDER_20_MIN,26,True,True,random
random_1021,t6,Random task 7,TASK,r3,2026-09-26,2026-10-04,,MIN_20_TO_60,78,False,False,random
random_1021,t7,Random task 8,TASK,r3,,2026-10-25,,OVER_60_MIN,4,False,False,random
random_1021,t8,Random task 9,TASK,r2,2026-09-27,2026-10-07,,UNDER_20_MIN,60,False,False,random
random_1021,t9,Random task 10,TASK,r0,,2026-10-22,,UNDER_20_MIN,73,False,False,random
random_1021,t10,Random task 11,TASK,r3,,2026-09-23,,UNDER_20_MIN,68,True,False,random
random_1021,t11,Random task 12,TASK,r0,2026-10-01,2026-10-02,,MIN_20_TO_60,79,False,False,random
random_1021,t12,Random task 13,TASK,r2,2026-09-27,2026-10-12,,OVER_60_MIN,68,False,False,random
random_1021,t13,Random task 14,TASK,r2,,2026-09-23,,OVER_60_MIN,64,False,False,random
random_1021,t14,Random task 15,TASK,r3,,2026-10-12,,MIN_20_TO_60,70,False,False,random
random_1021,t15,Random task 16,TASK,r3,,2026-10-22,,MIN_20_TO_60,16,False,False,random
random_1021,t16,Random task 17,TASK,r1,2026-10-10,2026-10-28,2026-10-17,OVER_60_MIN,52,True,True,random
random_1021,t17,Random task 18,TASK,r0,,2026-09-24,,OVER_60_MIN,74,False,False,random
random_1021,t18,Random task 19,TASK,r0,,2026-10-14,,MIN_20_TO_60,17,False,False,random
random_1021,t19,Random task 20,TASK,r0,,2026-09-28,2026-09-24,OVER_60_MIN,14,True,True,random
random_1021,t20,Random task 21,TASK,r0,2026-10-08,2026-10-25,,UNDER_20_MIN,75,False,False,random
random_1021,t21,Random task 22,TASK,r0,2026-10-04,2026-10-26,,OVER_60_MIN,7,False,False,random
random_1021,t22,Random task 23,TASK,r2,2026-10-07,2026-11-03,,OVER_60_MIN,1,False,False,random
random_1021,t23,Random task 24,TASK,r1,2026-10-04,2026-10-13,,MIN_20_TO_60,71,False,False,random
random_1021,t24,Random task 25,TASK,r2,2026-10-01,,,OVER_60_MIN,5,False,False,random
random_1021,t25,Random task 26,TASK,r3,2026-09-23,2026-10-09,,UNDER_20_MIN,74,False,False,random
random_1021,t26,Random task 27,TASK,r1,2026-09-21,,,OVER_60_MIN,20,False,False,random
random_1021,t27,Random task 28,TASK,r2,,2026-10-19,,UNDER_20_MIN,13,False,False,random
random_1021,t28,Random task 29,TASK,r0,2026-09-22,2026-10-17,,MIN_20_TO_60,22,False,False,random
random_1021,t29,Random task 30,TASK,r3,2026-09-21,2026-10-07,,MIN_20_TO_60,41,False,False,random
random_1021,t30,Random task 31,TASK,r1,2026-10-03,2026-10-16,,OVER_60_MIN,19,False,False,random
random_1021,t31,Random task 32,TASK,r2,,2026-09-29,2026-09-29,UNDER_20_MIN,58,False,True,random
random_1021,t32,Random task 33,TASK,r0,2026-09-30,2026-10-12,,MIN_20_TO_60,23,False,False,random
random_1021,t33,Random task 34,TASK,r0,,2026-09-24,,MIN_20_TO_60,32,False,False,random
random_1021,t34,Random task 35,TASK,r0,2026-10-08,2026-10-25,2026-10-23,OVER_60_MIN,51,False,True,random
random_1021,t35,Random task 36,TASK,r2,2026-09-30,,,MIN_20_TO_60,81,False,False,random
random_1021,t36,Random task 37,TASK,r2,2026-09-29,2026-10-06,,OVER_60_MIN,32,False,False,random
random_1021,t37,Random task 38,TASK,r2,2026-10-08,,,UNDER_20_MIN,44,False,False,random
random_1021,t38,Random task 39,TASK,r2,2026-09-27,2026-10-17,,MIN_20_TO_60,29,False,False,random
random_1021,t39,Random task 40,TASK,r0,2026-09-30,,,OVER_60_MIN,51,False,False,random
random_1021,t40,Random task 41,TASK,r1,,2026-10-05,,UNDER_20_MIN,29,False,False,random
random_1021,t41,Random task 42,TASK,r3,2026-09-23,,,OVER_60_MIN,74,False,False,random
random_1021,t42,Random task 43,TASK,r3,,2026-10-04,,MIN_20_TO_60,1,False,False,random
random_1021,t43,Random task 44,TASK,r2,2026-10-05,2026-11-05,,UNDER_20_MIN,19,False,False,random
random_1021,t44,Random task 45,TASK,r2,2026-09-25,2026-09-28,,OVER_60_MIN,34,True,False,random
random_1021,t45,Random task 46,TASK,r1,,2026-10-03,,MIN_20_TO_60,4,False,False,random
random_1021,t46,Random task 47,TASK,r2,2026-10-01,2026-10-22,,UNDER_20_MIN,52,False,False,random
random_1021,t47,Random task 48,TASK,r3,2026-09-20,2026-10-14,,OVER_60_MIN,16,False,False,random
random_1021,t48,Random task 49,TASK,r2,2026-09-21,2026-10-14,,OVER_60_MIN,56,False,False,random
random_1021,t49,Random task 50,TASK,r2,,2026-10-08,,UNDER_20_MIN,76,False,False,random
random_1021,t50,Random task 51,TASK,r3,2026-10-05,2026-10-24,,MIN_20_TO_60,64,False,False,random
random_1021,t51,Random task 52,TASK,r0,2026-09-23,2026-10-16,,UNDER_20_MIN,17,False,False,random
random_1021,t52,Random task 53,TASK,r3,2026-09-20,2026-09-26,,UNDER_20_MIN,17,False,False,random
random_1021,t53,Random task 54,TASK,r0,2026-09-29,,2026-10-02,UNDER_20_MIN,55,False,True,random
random_1021,t54,Random task 55,TASK,r0,,2026-09-25,,UNDER_20_MIN,76,False,False,random
random_1021,t55,Random task 56,TASK,r3,,2026-10-09,,UNDER_20_MIN,31,False,False,random
random_1021,t56,Random task 57,TASK,r2,2026-09-24,2026-10-05,,UNDER_20_MIN,46,False,False,random
random_1021,t57,Random task 58,TASK,r0,2026-09-29,2026-10-11,,UNDER_20_MIN,49,False,False,random
random_1021,t58,Random task 59,TASK,r1,,2026-09-30,,MIN_20_TO_60,21,False,False,random
random_1021,t59,Random task 60,TASK,r3,,2026-09-29,,UNDER_20_MIN,17,False,False,random
random_1021,t60,Random task 61,TASK,r3,2026-10-06,,,OVER_60_MIN,14,False,False,random
random_1021,t61,Random task 62,TASK,r3,,2026-10-03,,MIN_20_TO_60,69,False,False,random
random_1021,t62,Random task 63,TASK,r3,2026-10-08,2026-10-28,,MIN_20_TO_60,76,True,False,random
random_1021,t63,Random task 64,TASK,r2,2026-09-20,2026-09-30,2026-09-25,OVER_60_MIN,55,True,True,random
random_1021,t64,Random task 65,TASK,r0,2026-09-21,,2026-10-03,UNDER_20_MIN,28,True,True,random
random_1021,t65,Random task 66,TASK,r3,,2026-10-09,,UNDER_20_MIN,65,False,False,random
random_1021,t66,Random task 67,TASK,r3,2026-09-21,2026-10-18,,OVER_60_MIN,21,False,False,random
random_1021,t67,Random task 68,TASK,r3,,,,OVER_60_MIN,50,False,False,random
random_1021,t68,Random task 69,TASK,r1,2026-09-26,2026-10-30,,MIN_20_TO_60,46,False,False,random
random_1021,t69,Random task 70,TASK,r1,2026-09-25,2026-10-08,,UNDER_20_MIN,68,False,False,random
random_1021,t70,Random task 71,TASK,r1,,,,OVER_60_MIN,50,False,False,random
random_1021,t71,Random task 72,TASK,r1,,,,OVER_60_MIN,75,False,False,random
random_1021,t72,Random task 73,TASK,r0,,2026-10-05,,MIN_20_TO_60,44,False,False,random
random_1021,t73,Random task 74,TASK,r1,,2026-09-27,,OVER_60_MIN,23,True,False,random
random_1021,t74,Random task 75,TASK,r0,,,,OVER_60_MIN,76,False,False,random
random_1021,t75,Random task 76,TASK,r3,,2026-09-22,,MIN_20_TO_60,77,False,False,random
random_1021,t76,Random task 77,TASK,r1,,2026-10-11,,UNDER_20_MIN,60,False,False,random
random_1021,t77,Random task 78,TASK,r3,,2026-10-17,,UNDER_20_MIN,52,False,False,random
random_1021,t78,Random task 79,TASK,r3,2026-09-28,2026-10-23,,UNDER_20_MIN,62,False,False,random
random_1021,t79,Random task 80,TASK,r1,2026-09-21,2026-09-22,,MIN_20_TO_60,76,False,False,random
random_1021,t80,Random task 81,TASK,r3,2026-10-06,2026-11-06,,MIN_20_TO_60,53,False,False,random
random_1022,r0,Random Root 1,GOAL,,,,,MIN_20_TO_60,,False,False,
random_1022,r1,Random Root 2,GOAL,,,,,MIN_20_TO_60,,False,False,
random_1022,r2,Random Root 3,GOAL,,,,,MIN_20_TO_60,,False,False,
random_1022,r3,Random Root 4,GOAL,,,,,MIN_20_TO_60,,False,False,
random_1022,t0,Random task 1,TASK,r2,2026-10-02,2026-11-06,,UNDER_20_MIN,46,False,False,random
random_1022,t1,Random task 2,TASK,r0,,2026-10-21,,OVER_60_MIN,16,False,False,random
random_1022,t2,Random task 3,TASK,r3,,,2026-09-25,UNDER_20_MIN,17,False,True,random
random_1022,t3,Random task 4,TASK,r3,2026-10-05,2026-11-09,,UNDER_20_MIN,13,False,False,random
random_1022,t4,Random task 5,TASK,r1,,2026-10-24,,UNDER_20_MIN,15,False,False,random
random_1022,t5,Random task 6,TASK,r2,,2026-10-18,,MIN_20_TO_60,43,False,False,random
random_1022,t6,Random task 7,TASK,r1,2026-10-06,2026-10-12,,OVER_60_MIN,28,False,False,random
random_1022,t7,Random task 8,TASK,r3,2026-09-22,2026-10-23,,UNDER_20_MIN,37,False,False,random
random_1022,t8,Random task 9,TASK,r0,,2026-10-17,,UNDER_20_MIN,38,False,False,random
random_1022,t9,Random task 10,TASK,r2,,2026-10-22,,MIN_20_TO_60,5,False,False,random
random_1022,t10,Random task 11,TASK,r3,2026-09-24,2026-10-24,,OVER_60_MIN,29,False,False,random
random_1022,t11,Random task 12,TASK,r1,2026-10-02,2026-10-21,,MIN_20_TO_60,16,False,False,random
random_1022,t12,Random task 13,TASK,r2,2026-10-08,,,UNDER_20_MIN,39,False,False,random
random_1022,t13,Random task 14,TASK,r3,2026-10-10,2026-10-25,,MIN_20_TO_60,2,False,False,random
random_1022,t14,Random task 15,TASK,r0,2026-09-21,2026-10-12,,UNDER_20_MIN,28,False,False,random
random_1022,t15,Random task 16,TASK,r2,,2026-09-26,2026-09-21,OVER_60_MIN,21,False,True,random
random_1022,t16,Random task 17,TASK,r0,2026-10-07,2026-10-23,,MIN_20_TO_60,64,False,False,random
random_1022,t17,Random task 18,TASK,r0,,2026-10-24,,MIN_20_TO_60,44,False,False,random
random_1022,t18,Random task 19,TASK,r3,2026-09-20,2026-10-16,,OVER_60_MIN,70,False,False,random
random_1022,t19,Random task 20,TASK,r3,,2026-10-13,,UNDER_20_MIN,67,False,False,random
random_1022,t20,Random task 21,TASK,r2,2026-09-27,2026-10-16,,MIN_20_TO_60,52,True,False,random
random_1022,t21,Random task 22,TASK,r0,2026-10-07,2026-10-14,,MIN_20_TO_60,53,False,False,random
random_1022,t22,Random task 23,TASK,r3,,2026-09-27,,OVER_60_MIN,64,False,False,random
random_1022,t23,Random task 24,TASK,r2,,2026-09-21,,OVER_60_MIN,44,True,False,random
random_1022,t24,Random task 25,TASK,r2,,2026-09-28,,OVER_60_MIN,55,False,False,random
random_1022,t25,Random task 26,TASK,r0,2026-09-23,2026-10-24,,OVER_60_MIN,17,False,False,random
random_1022,t26,Random task 27,TASK,r2,2026-10-10,2026-11-02,,UNDER_20_MIN,49,False,False,random
random_1022,t27,Random task 28,TASK,r3,,2026-10-13,,OVER_60_MIN,61,False,False,random
random_1022,t28,Random task 29,TASK,r0,2026-09-24,2026-10-22,,MIN_20_TO_60,32,False,False,random
random_1022,t29,Random task 30,TASK,r1,2026-09-26,,,MIN_20_TO_60,29,False,False,random
random_1022,t30,Random task 31,TASK,r1,2026-10-06,2026-10-22,,MIN_20_TO_60,57,True,False,random
random_1022,t31,Random task 32,TASK,r2,2026-10-02,,,MIN_20_TO_60,21,False,False,random
random_1022,t32,Random task 33,TASK,r2,2026-09-24,2026-10-15,2026-09-30,UNDER_20_MIN,26,False,True,random
random_1022,t33,Random task 34,TASK,r1,2026-10-09,2026-11-12,,MIN_20_TO_60,71,False,False,random
random_1022,t34,Random task 35,TASK,r2,,2026-10-14,,MIN_20_TO_60,25,False,False,random
random_1022,t35,Random task 36,TASK,r2,2026-09-20,2026-10-10,,OVER_60_MIN,6,False,False,random
random_1022,t36,Random task 37,TASK,r3,,2026-09-30,,UNDER_20_MIN,35,False,False,random
random_1022,t37,Random task 38,TASK,r1,,2026-10-05,,UNDER_20_MIN,49,True,False,random
random_1022,t38,Random task 39,TASK,r3,,2026-10-03,,UNDER_20_MIN,15,False,False,random
random_1022,t39,Random task 40,TASK,r3,2026-09-27,2026-10-25,,MIN_20_TO_60,35,False,False,random
random_1022,t40,Random task 41,TASK,r3,2026-09-25,2026-10-30,,MIN_20_TO_60,21,False,False,random
random_1022,t41,Random task 42,TASK,r0,,,,MIN_20_TO_60,45,False,False,random
random_1022,t42,Random task 43,TASK,r1,,2026-09-25,,MIN_20_TO_60,39,False,False,random
random_1022,t43,Random task 44,TASK,r2,2026-09-28,2026-10-22,2026-10-18,UNDER_20_MIN,61,False,True,random
random_1022,t44,Random task 45,TASK,r1,,2026-10-06,,OVER_60_MIN,14,False,False,random
random_1022,t45,Random task 46,TASK,r3,2026-09-28,2026-10-21,,OVER_60_MIN,12,False,False,random
random_1022,t46,Random task 47,TASK,r2,,2026-10-15,,OVER_60_MIN,46,False,False,random
random_1022,t47,Random task 48,TASK,r1,,2026-10-12,,OVER_60_MIN,42,False,False,random
random_1022,t48,Random task 49,TASK,r1,2026-10-04,2026-10-26,2026-10-11,MIN_20_TO_60,37,False,True,random
random_1022,t49,Random task 50,TASK,r1,2026-10-01,,,UNDER_20_MIN,41,False,False,random
random_1022,t50,Random task 51,TASK,r3,2026-10-09,2026-11-12,2026-10-23,UNDER_20_MIN,10,False,True,random
random_1022,t51,Random task 52,TASK,r2,2026-09-29,2026-10-01,,MIN_20_TO_60,64,False,False,random
random_1022,t52,Random task 53,TASK,r1,2026-09-22,2026-10-21,,MIN_20_TO_60,12,False,False,random
random_1022,t53,Random task 54,TASK,r3,,2026-10-11,,OVER_60_MIN,67,False,False,random
random_1022,t54,Random task 55,TASK,r0,,,,OVER_60_MIN,60,False,False,random
random_1022,t55,Random task 56,TASK,r1,2026-10-01,2026-10-29,,OVER_60_MIN,36,False,False,random
random_1022,t56,Random task 57,TASK,r0,2026-09-20,,,UNDER_20_MIN,59,False,False,random
random_1022,t57,Random task 58,TASK,r3,2026-09-25,,,MIN_20_TO_60,13,False,False,random
random_1022,t58,Random task 59,TASK,r3,2026-09-27,,,OVER_60_MIN,69,True,False,random
random_1022,t59,Random task 60,TASK,r0,2026-10-08,,,OVER_60_MIN,26,False,False,random
random_1022,t60,Random task 61,TASK,r1,2026-09-24,2026-10-09,2026-09-29,OVER_60_MIN,70,False,True,random
random_1022,t61,Random task 62,TASK,r0,2026-10-07,2026-10-17,,MIN_20_TO_60,36,False,False,random
random_1022,t62,Random task 63,TASK,r1,,2026-10-07,,MIN_20_TO_60,41,False,False,random
random_1022,t63,Random task 64,TASK,r2,2026-09-20,,,OVER_60_MIN,50,False,False,random
random_1022,t64,Random task 65,TASK,r3,,2026-10-09,,UNDER_20_MIN,69,False,False,random
random_1022,t65,Random task 66,TASK,r2,2026-10-02,2026-10-13,,OVER_60_MIN,25,False,False,random
random_1022,t66,Random task 67,TASK,r3,,,,MIN_20_TO_60,59,True,False,random
random_1022,t67,Random task 68,TASK,r3,,,,MIN_20_TO_60,10,False,False,random
random_1022,t68,Random task 69,TASK,r3,,,,OVER_60_MIN,6,False,False,random
random_1022,t69,Random task 70,TASK,r2,2026-09-27,2026-10-17,,OVER_60_MIN,13,False,False,random
random_1022,t70,Random task 71,TASK,r0,2026-10-05,2026-10-09,,MIN_20_TO_60,64,False,False,random
random_1023,r0,Random Root 1,GOAL,,,,,MIN_20_TO_60,,False,False,
random_1023,r1,Random Root 2,GOAL,,,,,MIN_20_TO_60,,False,False,
random_1023,r2,Random Root 3,GOAL,,,,,MIN_20_TO_60,,False,False,
random_1023,r3,Random Root 4,GOAL,,,,,MIN_20_TO_60,,False,False,
random_1023,r4,Random Root 5,GOAL,,,,,MIN_20_TO_60,,False,False,
random_1023,r5,Random Root 6,GOAL,,,,,MIN_20_TO_60,,False,False,
random_1023,t0,Random task 1,TASK,r3,2026-09-24,2026-10-22,,OVER_60_MIN,54,False,False,random
random_1023,t1,Random task 2,TASK,r2,2026-10-03,2026-10-21,,OVER_60_MIN,14,False,False,random
random_1023,t2,Random task 3,TASK,r1,2026-09-26,2026-10-03,,MIN_20_TO_60,49,False,False,random
random_1023,t3,Random task 4,TASK,r3,,2026-10-04,,UNDER_20_MIN,72,False,False,random
random_1023,t4,Random task 5,TASK,r4,2026-10-01,2026-10-31,,MIN_20_TO_60,81,False,False,random
random_1023,t5,Random task 6,TASK,r1,,2026-10-05,,UNDER_20_MIN,80,False,False,random
random_1023,t6,Random task 7,TASK,r1,2026-09-24,2026-10-28,,MIN_20_TO_60,35,False,False,random
random_1023,t7,Random task 8,TASK,r3,,2026-10-24,,MIN_20_TO_60,46,False,False,random
random_1023,t8,Random task 9,TASK,r5,,2026-10-05,,OVER_60_MIN,38,False,False,random
random_1023,t9,Random task 10,TASK,r3,,2026-09-23,2026-09-20,UNDER_20_MIN,15,False,True,random
random_1023,t10,Random task 11,TASK,r4,,2026-09-26,,UNDER_20_MIN,82,False,False,random
random_1023,t11,Random task 12,TASK,r5,2026-09-27,2026-11-01,,OVER_60_MIN,48,True,False,random
random_1023,t12,Random task 13,TASK,r1,2026-10-04,2026-11-03,,UNDER_20_MIN,85,False,False,random
random_1023,t13,Random task 14,TASK,r0,2026-10-06,2026-10-28,2026-10-22,OVER_60_MIN,43,False,True,random
random_1023,t14,Random task 15,TASK,r3,,2026-10-11,,OVER_60_MIN,53,False,False,random
random_1023,t15,Random task 16,TASK,r2,2026-09-28,2026-10-09,,MIN_20_TO_60,41,True,False,random
random_1023,t16,Random task 17,TASK,r4,2026-09-23,,,MIN_20_TO_60,24,False,False,random
random_1023,t17,Random task 18,TASK,r3,2026-10-10,,,OVER_60_MIN,21,False,False,random
random_1023,t18,Random task 19,TASK,r4,2026-09-23,2026-10-18,,OVER_60_MIN,85,False,False,random
random_1023,t19,Random task 20,TASK,r2,,2026-10-06,,MIN_20_TO_60,19,False,False,random
random_1023,t20,Random task 21,TASK,r0,2026-09-25,2026-10-23,,UNDER_20_MIN,76,False,False,random
random_1023,t21,Random task 22,TASK,r5,2026-09-23,2026-10-17,,MIN_20_TO_60,79,False,False,random
random_1023,t22,Random task 23,TASK,r0,2026-10-04,2026-10-24,,UNDER_20_MIN,25,False,False,random
random_1023,t23,Random task 24,TASK,r1,2026-10-02,,,UNDER_20_MIN,77,False,False,random
random_1023,t24,Random task 25,TASK,r4,,,,MIN_20_TO_60,13,False,False,random
random_1023,t25,Random task 26,TASK,r0,2026-09-21,2026-09-26,,OVER_60_MIN,15,True,False,random
random_1023,t26,Random task 27,TASK,r1,2026-09-25,2026-10-01,,UNDER_20_MIN,22,True,False,random
random_1023,t27,Random task 28,TASK,r1,2026-10-05,,,OVER_60_MIN,58,False,False,random
random_1023,t28,Random task 29,TASK,r2,,2026-09-24,,UNDER_20_MIN,34,False,False,random
random_1023,t29,Random task 30,TASK,r3,2026-10-10,2026-11-03,,OVER_60_MIN,33,False,False,random
random_1023,t30,Random task 31,TASK,r2,2026-10-06,2026-10-08,,OVER_60_MIN,2,False,False,random
random_1023,t31,Random task 32,TASK,r2,2026-09-30,2026-10-04,,UNDER_20_MIN,27,False,False,random
random_1023,t32,Random task 33,TASK,r2,2026-09-21,2026-10-10,2026-09-26,UNDER_20_MIN,55,False,True,random
random_1023,t33,Random task 34,TASK,r3,2026-10-02,2026-10-07,,OVER_60_MIN,26,False,False,random
random_1023,t34,Random task 35,TASK,r2,,2026-09-24,,MIN_20_TO_60,27,False,False,random
random_1023,t35,Random task 36,TASK,r4,,2026-09-30,,OVER_60_MIN,33,False,False,random
random_1023,t36,Random task 37,TASK,r4,2026-10-06,2026-10-12,,MIN_20_TO_60,4,False,False,random
random_1023,t37,Random task 38,TASK,r4,,2026-09-29,,OVER_60_MIN,9,False,False,random
random_1023,t38,Random task 39,TASK,r4,,2026-09-21,2026-09-21,OVER_60_MIN,84,False,True,random
random_1023,t39,Random task 40,TASK,r4,2026-10-01,2026-10-18,,MIN_20_TO_60,81,True,False,random
random_1023,t40,Random task 41,TASK,r3,,2026-10-18,,UNDER_20_MIN,14,False,False,random
random_1023,t41,Random task 42,TASK,r4,2026-09-22,2026-09-23,,OVER_60_MIN,81,False,False,random
random_1023,t42,Random task 43,TASK,r4,,2026-10-13,,UNDER_20_MIN,28,False,False,random
random_1023,t43,Random task 44,TASK,r3,2026-09-29,2026-10-01,,UNDER_20_MIN,72,False,False,random
random_1023,t44,Random task 45,TASK,r2,2026-09-27,2026-10-08,,MIN_20_TO_60,53,False,False,random
random_1023,t45,Random task 46,TASK,r0,2026-10-04,2026-10-06,,MIN_20_TO_60,68,False,False,random
random_1023,t46,Random task 47,TASK,r4,2026-09-26,2026-10-04,,UNDER_20_MIN,59,False,False,random
random_1023,t47,Random task 48,TASK,r1,2026-09-29,2026-10-04,,OVER_60_MIN,40,False,False,random
random_1023,t48,Random task 49,TASK,r0,,2026-09-29,,UNDER_20_MIN,47,False,False,random
random_1023,t49,Random task 50,TASK,r4,,2026-10-06,,MIN_20_TO_60,13,False,False,random
random_1023,t50,Random task 51,TASK,r0,2026-10-05,2026-10-12,,MIN_20_TO_60,19,False,False,random
random_1023,t51,Random task 52,TASK,r0,2026-10-02,2026-11-01,,UNDER_20_MIN,66,False,False,random
random_1023,t52,Random task 53,TASK,r1,2026-09-27,2026-11-01,,UNDER_20_MIN,49,False,False,random
random_1023,t53,Random task 54,TASK,r5,2026-10-08,2026-11-08,2026-10-08,MIN_20_TO_60,43,False,True,random
random_1023,t54,Random task 55,TASK,r4,2026-10-10,2026-10-23,,UNDER_20_MIN,58,False,False,random
random_1023,t55,Random task 56,TASK,r5,,2026-09-28,,MIN_20_TO_60,5,False,False,random
random_1023,t56,Random task 57,TASK,r3,,,,OVER_60_MIN,3,False,False,random
random_1023,t57,Random task 58,TASK,r3,2026-09-27,2026-10-09,,OVER_60_MIN,73,False,False,random
random_1023,t58,Random task 59,TASK,r3,2026-09-28,2026-09-30,,UNDER_20_MIN,18,False,False,random
random_1023,t59,Random task 60,TASK,r2,2026-10-01,2026-10-17,,OVER_60_MIN,70,False,False,random
random_1023,t60,Random task 61,TASK,r0,2026-09-30,2026-10-02,2026-10-01,OVER_60_MIN,75,False,True,random
random_1023,t61,Random task 62,TASK,r5,2026-09-20,2026-10-20,,UNDER_20_MIN,90,False,False,random
random_1023,t62,Random task 63,TASK,r2,2026-10-02,2026-10-20,,UNDER_20_MIN,50,False,False,random
random_1023,t63,Random task 64,TASK,r1,,,,OVER_60_MIN,38,False,False,random
random_1023,t64,Random task 65,TASK,r0,,2026-10-02,2026-10-02,OVER_60_MIN,2,False,True,random
random_1023,t65,Random task 66,TASK,r0,2026-09-21,2026-10-26,,UNDER_20_MIN,50,False,False,random
random_1023,t66,Random task 67,TASK,r5,,2026-09-24,,OVER_60_MIN,63,False,False,random
random_1023,t67,Random task 68,TASK,r3,2026-09-27,2026-10-20,,UNDER_20_MIN,57,True,False,random
random_1023,t68,Random task 69,TASK,r3,2026-09-20,2026-10-04,,MIN_20_TO_60,25,False,False,random
random_1023,t69,Random task 70,TASK,r5,2026-10-01,2026-10-30,,OVER_60_MIN,68,False,False,random
random_1023,t70,Random task 71,TASK,r3,2026-09-25,2026-10-02,,MIN_20_TO_60,38,False,False,random
random_1023,t71,Random task 72,TASK,r2,2026-09-23,2026-09-29,,OVER_60_MIN,86,False,False,random
random_1023,t72,Random task 73,TASK,r0,,,,UNDER_20_MIN,90,False,False,random
random_1023,t73,Random task 74,TASK,r1,,2026-10-18,,OVER_60_MIN,75,False,False,random
random_1023,t74,Random task 75,TASK,r2,2026-10-05,,,OVER_60_MIN,54,False,False,random
random_1023,t75,Random task 76,TASK,r5,,2026-09-24,,MIN_20_TO_60,4,False,False,random
random_1023,t76,Random task 77,TASK,r1,2026-10-05,,,MIN_20_TO_60,90,False,False,random
random_1023,t77,Random task 78,TASK,r0,,2026-09-28,2026-09-25,UNDER_20_MIN,76,False,True,random
random_1023,t78,Random task 79,TASK,r5,2026-09-29,,2026-10-01,UNDER_20_MIN,78,True,True,random
random_1023,t79,Random task 80,TASK,r1,,2026-10-07,,UNDER_20_MIN,4,False,False,random
random_1023,t80,Random task 81,TASK,r2,,,,MIN_20_TO_60,49,False,False,random
random_1023,t81,Random task 82,TASK,r3,2026-10-05,2026-10-17,,OVER_60_MIN,33,False,False,random
random_1023,t82,Random task 83,TASK,r3,,,,OVER_60_MIN,10,False,False,random
random_1023,t83,Random task 84,TASK,r5,2026-09-26,2026-10-16,,MIN_20_TO_60,28,False,False,random
random_1023,t84,Random task 85,TASK,r5,,2026-10-25,,OVER_60_MIN,32,False,False,random
random_1023,t85,Random task 86,TASK,r2,2026-09-20,2026-09-27,,UNDER_20_MIN,2,False,False,random
random_1023,t86,Random task 87,TASK,r1,2026-09-30,2026-10-30,,UNDER_20_MIN,31,False,False,random
random_1023,t87,Random task 88,TASK,r4,,2026-10-06,,OVER_60_MIN,78,False,False,random
random_1023,t88,Random task 89,TASK,r0,2026-09-30,,2026-10-13,UNDER_20_MIN,56,False,True,random
random_1023,t89,Random task 90,TASK,r1,2026-10-01,2026-10-11,,MIN_20_TO_60,17,False,False,random
random_1024,r0,Random Root 1,GOAL,,,,,MIN_20_TO_60,,False,False,
random_1024,r1,Random Root 2,GOAL,,,,,MIN_20_TO_60,,False,False,
random_1024,r2,Random Root 3,GOAL,,,,,MIN_20_TO_60,,False,False,
random_1024,t0,Random task 1,TASK,r1,2026-10-06,2026-10-13,,MIN_20_TO_60,48,False,False,random
random_1024,t1,Random task 2,TASK,r0,,2026-09-29,,UNDER_20_MIN,56,False,False,random
random_1024,t2,Random task 3,TASK,r2,2026-10-01,2026-10-07,,UNDER_20_MIN,11,False,False,random
random_1024,t3,Random task 4,TASK,r2,2026-09-20,,,UNDER_20_MIN,50,False,False,random
random_1024,t4,Random task 5,TASK,r0,2026-10-08,2026-10-16,2026-10-14,OVER_60_MIN,3,False,True,random
random_1024,t5,Random task 6,TASK,r0,,2026-10-06,,UNDER_20_MIN,45,False,False,random
random_1024,t6,Random task 7,TASK,r2,2026-10-03,,,MIN_20_TO_60,50,False,False,random
random_1024,t7,Random task 8,TASK,r0,,2026-09-23,,OVER_60_MIN,53,False,False,random
random_1024,t8,Random task 9,TASK,r0,,2026-10-14,,UNDER_20_MIN,24,False,False,random
random_1024,t9,Random task 10,TASK,r1,,2026-10-11,2026-10-05,MIN_20_TO_60,46,False,True,random
random_1024,t10,Random task 11,TASK,r0,2026-09-27,2026-10-30,,OVER_60_MIN,66,False,False,random
random_1024,t11,Random task 12,TASK,r2,2026-09-27,2026-10-17,,UNDER_20_MIN,27,False,False,random
random_1024,t12,Random task 13,TASK,r1,2026-10-05,,,OVER_60_MIN,71,False,False,random
random_1024,t13,Random task 14,TASK,r0,2026-09-26,2026-10-03,,UNDER_20_MIN,9,False,False,random
random_1024,t14,Random task 15,TASK,r2,2026-10-10,2026-11-01,,OVER_60_MIN,51,False,False,random
random_1024,t15,Random task 16,TASK,r0,,2026-10-04,,MIN_20_TO_60,61,False,False,random
random_1024,t16,Random task 17,TASK,r1,,,,UNDER_20_MIN,53,False,False,random
random_1024,t17,Random task 18,TASK,r0,,2026-10-12,,MIN_20_TO_60,2,False,False,random
random_1024,t18,Random task 19,TASK,r1,,2026-10-14,,UNDER_20_MIN,22,False,False,random
random_1024,t19,Random task 20,TASK,r0,2026-09-29,2026-10-14,,UNDER_20_MIN,67,False,False,random
random_1024,t20,Random task 21,TASK,r2,2026-09-20,2026-10-20,,MIN_20_TO_60,18,False,False,random
random_1024,t21,Random task 22,TASK,r1,2026-09-20,2026-10-17,,OVER_60_MIN,68,False,False,random
random_1024,t22,Random task 23,TASK,r1,,,,UNDER_20_MIN,49,False,False,random
random_1024,t23,Random task 24,TASK,r2,,2026-10-17,,UNDER_20_MIN,17,False,False,random
random_1024,t24,Random task 25,TASK,r2,,2026-10-20,2026-09-29,UNDER_20_MIN,39,False,True,random
random_1024,t25,Random task 26,TASK,r0,,2026-09-30,,MIN_20_TO_60,25,False,False,random
random_1024,t26,Random task 27,TASK,r2,,2026-09-29,,MIN_20_TO_60,46,False,False,random
random_1024,t27,Random task 28,TASK,r2,2026-09-24,2026-10-09,,MIN_20_TO_60,38,False,False,random
random_1024,t28,Random task 29,TASK,r1,,,,MIN_20_TO_60,58,False,False,random
random_1024,t29,Random task 30,TASK,r2,2026-09-23,2026-09-29,,OVER_60_MIN,28,False,False,random
random_1024,t30,Random task 31,TASK,r1,2026-10-03,,,UNDER_20_MIN,33,True,False,random
random_1024,t31,Random task 32,TASK,r1,2026-09-25,2026-10-04,,OVER_60_MIN,13,True,False,random
random_1024,t32,Random task 33,TASK,r0,2026-09-29,2026-11-03,,MIN_20_TO_60,26,False,False,random
random_1024,t33,Random task 34,TASK,r1,,2026-09-25,,OVER_60_MIN,51,False,False,random
random_1024,t34,Random task 35,TASK,r2,2026-09-29,,,MIN_20_TO_60,39,False,False,random
random_1024,t35,Random task 36,TASK,r2,,,,MIN_20_TO_60,74,False,False,random
random_1024,t36,Random task 37,TASK,r1,2026-10-08,2026-10-11,,MIN_20_TO_60,55,False,False,random
random_1024,t37,Random task 38,TASK,r1,,2026-09-23,,UNDER_20_MIN,36,False,False,random
random_1024,t38,Random task 39,TASK,r0,,2026-10-17,,UNDER_20_MIN,38,False,False,random
random_1024,t39,Random task 40,TASK,r0,2026-10-02,2026-10-06,,MIN_20_TO_60,26,False,False,random
random_1024,t40,Random task 41,TASK,r0,2026-09-26,2026-10-05,,MIN_20_TO_60,53,False,False,random
random_1024,t41,Random task 42,TASK,r1,,2026-10-19,,MIN_20_TO_60,60,False,False,random
random_1024,t42,Random task 43,TASK,r0,,2026-09-28,,OVER_60_MIN,44,False,False,random
random_1024,t43,Random task 44,TASK,r1,,2026-09-30,,MIN_20_TO_60,27,False,False,random
random_1024,t44,Random task 45,TASK,r2,2026-09-27,,,OVER_60_MIN,46,False,False,random
random_1024,t45,Random task 46,TASK,r0,,2026-10-23,2026-10-22,MIN_20_TO_60,37,False,True,random
random_1024,t46,Random task 47,TASK,r0,,,2026-09-29,MIN_20_TO_60,54,False,True,random
random_1024,t47,Random task 48,TASK,r1,,2026-10-20,,OVER_60_MIN,34,False,False,random
random_1024,t48,Random task 49,TASK,r1,2026-10-07,2026-10-13,,OVER_60_MIN,46,False,False,random
random_1024,t49,Random task 50,TASK,r2,,2026-10-13,,UNDER_20_MIN,60,False,False,random
random_1024,t50,Random task 51,TASK,r2,2026-10-05,2026-10-10,,OVER_60_MIN,42,False,False,random
random_1024,t51,Random task 52,TASK,r2,,,,MIN_20_TO_60,50,False,False,random
random_1024,t52,Random task 53,TASK,r1,2026-10-07,2026-10-25,,OVER_60_MIN,16,False,False,random
random_1024,t53,Random task 54,TASK,r1,,2026-10-11,,OVER_60_MIN,71,False,False,random
random_1024,t54,Random task 55,TASK,r0,2026-09-22,,,UNDER_20_MIN,61,True,False,random
random_1024,t55,Random task 56,TASK,r0,,2026-10-06,,MIN_20_TO_60,62,False,False,random
random_1024,t56,Random task 57,TASK,r2,2026-09-24,2026-10-17,,MIN_20_TO_60,32,False,False,random
random_1024,t57,Random task 58,TASK,r0,2026-10-04,2026-10-17,,MIN_20_TO_60,38,False,False,random
random_1024,t58,Random task 59,TASK,r2,,2026-10-02,,UNDER_20_MIN,65,False,False,random
random_1024,t59,Random task 60,TASK,r1,,2026-10-14,2026-10-12,OVER_60_MIN,60,False,True,random
random_1024,t60,Random task 61,TASK,r2,,2026-09-21,,UNDER_20_MIN,2,True,False,random
random_1024,t61,Random task 62,TASK,r1,,,,OVER_60_MIN,54,False,False,random
random_1024,t62,Random task 63,TASK,r1,,,,UNDER_20_MIN,11,False,False,random
random_1024,t63,Random task 64,TASK,r2,2026-10-09,,,MIN_20_TO_60,57,False,False,random
random_1024,t64,Random task 65,TASK,r1,2026-09-29,2026-11-02,2026-10-12,OVER_60_MIN,41,False,True,random
random_1024,t65,Random task 66,TASK,r1,,2026-10-08,2026-09-26,UNDER_20_MIN,4,False,True,random
random_1024,t66,Random task 67,TASK,r0,,,,OVER_60_MIN,25,False,False,random
random_1024,t67,Random task 68,TASK,r0,,2026-10-04,,OVER_60_MIN,9,False,False,random
random_1024,t68,Random task 69,TASK,r1,2026-09-20,2026-10-01,,OVER_60_MIN,20,False,False,random
random_1024,t69,Random task 70,TASK,r1,2026-09-20,2026-10-23,,OVER_60_MIN,71,False,False,random
random_1024,t70,Random task 71,TASK,r0,2026-10-10,2026-10-17,,MIN_20_TO_60,27,False,False,random
random_1024,t71,Random task 72,TASK,r1,2026-10-05,,,OVER_60_MIN,31,False,False,random
random_1024,t72,Random task 73,TASK,r0,,2026-09-30,,UNDER_20_MIN,36,False,False,random
random_1024,t73,Random task 74,TASK,r0,2026-10-09,2026-11-02,2026-10-15,UNDER_20_MIN,14,False,True,random
random_1024,t74,Random task 75,TASK,r1,2026-10-09,2026-10-18,,MIN_20_TO_60,29,False,False,random
random_1025,r0,Random Root 1,GOAL,,,,,MIN_20_TO_60,,False,False,
random_1025,r1,Random Root 2,GOAL,,,,,MIN_20_TO_60,,False,False,
random_1025,r2,Random Root 3,GOAL,,,,,MIN_20_TO_60,,False,False,
random_1025,r3,Random Root 4,GOAL,,,,,MIN_20_TO_60,,False,False,
random_1025,t0,Random task 1,TASK,r0,2026-09-27,2026-10-13,,MIN_20_TO_60,23,False,False,random
random_1025,t1,Random task 2,TASK,r2,,2026-09-27,,OVER_60_MIN,37,False,False,random
random_1025,t2,Random task 3,TASK,r0,2026-10-06,2026-10-07,2026-10-06,UNDER_20_MIN,44,False,True,random
random_1025,t3,Random task 4,TASK,r3,2026-09-27,2026-10-19,,UNDER_20_MIN,38,False,False,random
random_1025,t4,Random task 5,TASK,r0,2026-10-01,2026-10-02,,UNDER_20_MIN,21,False,False,random
random_1025,t5,Random task 6,TASK,r2,,,,MIN_20_TO_60,2,False,False,random
random_1025,t6,Random task 7,TASK,r1,2026-09-20,2026-10-10,,UNDER_20_MIN,46,False,False,random
random_1025,t7,Random task 8,TASK,r0,,2026-10-22,,UNDER_20_MIN,26,False,False,random
random_1025,t8,Random task 9,TASK,r3,,2026-10-17,,OVER_60_MIN,40,False,False,random
random_1025,t9,Random task 10,TASK,r0,2026-10-10,2026-10-28,,UNDER_20_MIN,27,False,False,random
random_1025,t10,Random task 11,TASK,r0,2026-09-26,2026-10-11,,UNDER_20_MIN,7,False,False,random
random_1025,t11,Random task 12,TASK,r0,,,,MIN_20_TO_60,33,False,False,random
random_1025,t12,Random task 13,TASK,r2,2026-09-29,,,MIN_20_TO_60,44,False,False,random
random_1025,t13,Random task 14,TASK,r1,2026-09-28,2026-09-30,,MIN_20_TO_60,43,False,False,random
random_1025,t14,Random task 15,TASK,r1,2026-09-23,2026-09-30,,MIN_20_TO_60,39,False,False,random
random_1025,t15,Random task 16,TASK,r2,2026-10-09,2026-11-10,,OVER_60_MIN,11,False,False,random
random_1025,t16,Random task 17,TASK,r3,,2026-10-18,,OVER_60_MIN,1,False,False,random
random_1025,t17,Random task 18,TASK,r0,,2026-10-04,,MIN_20_TO_60,43,False,False,random
random_1025,t18,Random task 19,TASK,r2,2026-10-10,2026-11-03,,MIN_20_TO_60,4,False,False,random
random_1025,t19,Random task 20,TASK,r2,,2026-10-24,,OVER_60_MIN,31,False,False,random
random_1025,t20,Random task 21,TASK,r3,2026-09-28,,,OVER_60_MIN,38,False,False,random
random_1025,t21,Random task 22,TASK,r3,,,,OVER_60_MIN,18,False,False,random
random_1025,t22,Random task 23,TASK,r0,2026-10-06,,,OVER_60_MIN,18,False,False,random
random_1025,t23,Random task 24,TASK,r3,,2026-10-08,,MIN_20_TO_60,3,True,False,random
random_1025,t24,Random task 25,TASK,r2,2026-10-02,2026-10-27,,MIN_20_TO_60,42,False,False,random
random_1025,t25,Random task 26,TASK,r2,,2026-10-12,,UNDER_20_MIN,39,False,False,random
random_1025,t26,Random task 27,TASK,r2,2026-09-27,2026-10-29,,UNDER_20_MIN,29,False,False,random
random_1025,t27,Random task 28,TASK,r1,2026-09-28,2026-10-21,,OVER_60_MIN,28,False,False,random
random_1025,t28,Random task 29,TASK,r0,,2026-10-18,2026-10-13,UNDER_20_MIN,22,False,True,random
random_1025,t29,Random task 30,TASK,r3,,2026-10-13,,UNDER_20_MIN,19,False,False,random
random_1025,t30,Random task 31,TASK,r3,,2026-10-22,2026-10-21,UNDER_20_MIN,48,False,True,random
random_1025,t31,Random task 32,TASK,r2,,,2026-10-04,OVER_60_MIN,5,False,True,random
random_1025,t32,Random task 33,TASK,r1,2026-09-30,2026-10-27,,UNDER_20_MIN,38,False,False,random
random_1025,t33,Random task 34,TASK,r0,2026-09-23,2026-10-11,,OVER_60_MIN,20,False,False,random
random_1025,t34,Random task 35,TASK,r2,2026-10-01,2026-10-25,,MIN_20_TO_60,4,False,False,random
random_1025,t35,Random task 36,TASK,r1,2026-09-29,2026-10-09,,UNDER_20_MIN,26,False,False,random
random_1025,t36,Random task 37,TASK,r0,,2026-09-23,,MIN_20_TO_60,7,False,False,random
random_1025,t37,Random task 38,TASK,r2,2026-10-08,2026-10-14,,MIN_20_TO_60,47,False,False,random
random_1025,t38,Random task 39,TASK,r2,2026-09-29,2026-10-23,,UNDER_20_MIN,17,False,False,random
random_1025,t39,Random task 40,TASK,r1,2026-10-04,,,MIN_20_TO_60,28,True,False,random
random_1025,t40,Random task 41,TASK,r0,,2026-10-23,,UNDER_20_MIN,31,False,False,random
random_1025,t41,Random task 42,TASK,r0,,2026-10-07,,MIN_20_TO_60,43,True,False,random
random_1025,t42,Random task 43,TASK,r2,,2026-10-06,,MIN_20_TO_60,47,False,False,random
random_1025,t43,Random task 44,TASK,r2,,,,OVER_60_MIN,47,False,False,random
random_1025,t44,Random task 45,TASK,r3,2026-10-06,,,UNDER_20_MIN,21,False,False,random
random_1025,t45,Random task 46,TASK,r3,2026-09-23,2026-10-03,,OVER_60_MIN,22,False,False,random
random_1025,t46,Random task 47,TASK,r0,,2026-10-10,,OVER_60_MIN,7,False,False,random
random_1025,t47,Random task 48,TASK,r3,,2026-09-21,,MIN_20_TO_60,8,False,False,random
